compound_id,smiles,patent_id,assignee,publication_date,year,series,assay_id,standard_relation,pIC50,project_note,source_row,raw_smiles,standardized_smiles,status,analysis_value,analysis_relation,is_exact_measurement,measurement_qc_flag
DPC0001,Fc1ccc(F)cc1,DEMO-101-A1,Northstar Therapeutics,2022-03-17,2022,phenyl,ASSAY-01-02,=,5.54,primary measurement,1,Fc1ccc(F)cc1,Fc1ccc(F)cc1,accepted,5.54,=,True,usable_exact_value
DPC0002,Fc1ccc(Cl)cc1,DEMO-101-A1,Northstar Therapeutics,2022-03-17,2022,phenyl,ASSAY-01-03,=,5.72,primary measurement,2,Fc1ccc(Cl)cc1,Fc1ccc(Cl)cc1,accepted,5.72,=,True,usable_exact_value
DPC0003,Fc1ccc(Br)cc1,DEMO-101-A1,Northstar Therapeutics,2022-03-17,2022,phenyl,ASSAY-01-04,=,5.64,primary measurement,3,Fc1ccc(Br)cc1,Fc1ccc(Br)cc1,accepted,5.64,=,True,usable_exact_value
DPC0004,Cc1ccc(F)cc1,DEMO-101-A1,Northstar Therapeutics,2022-03-17,2022,phenyl,ASSAY-01-05,=,5.45,primary measurement,4,Cc1ccc(F)cc1,Cc1ccc(F)cc1,accepted,5.45,=,True,usable_exact_value
DPC0005,CCc1ccc(F)cc1,DEMO-101-A1,Northstar Therapeutics,2022-03-17,2022,phenyl,ASSAY-01-06,=,5.39,primary measurement,5,CCc1ccc(F)cc1,CCc1ccc(F)cc1,accepted,5.39,=,True,usable_exact_value
DPC0006,CCCc1ccc(F)cc1,DEMO-101-A1,Northstar Therapeutics,2022-03-17,2022,phenyl,ASSAY-01-07,=,5.24,primary measurement,6,CCCc1ccc(F)cc1,CCCc1ccc(F)cc1,accepted,5.24,=,True,usable_exact_value
DPC0007,COc1ccc(F)cc1,DEMO-101-A1,Northstar Therapeutics,2022-03-17,2022,phenyl,ASSAY-01-08,=,5.35,primary measurement,7,COc1ccc(F)cc1,COc1ccc(F)cc1,accepted,5.35,=,True,usable_exact_value
DPC0008,CCOc1ccc(F)cc1,DEMO-101-A1,Northstar Therapeutics,2022-03-17,2022,phenyl,ASSAY-01-09,=,5.47,primary measurement,8,CCOc1ccc(F)cc1,CCOc1ccc(F)cc1,accepted,5.47,=,True,usable_exact_value
DPC0009,Nc1ccc(F)cc1,DEMO-101-A1,Northstar Therapeutics,2022-03-17,2022,phenyl,ASSAY-01-10,=,5.48,primary measurement,9,Nc1ccc(F)cc1,Nc1ccc(F)cc1,accepted,5.48,=,True,usable_exact_value
DPC0010,CNc1ccc(F)cc1,DEMO-101-A1,Northstar Therapeutics,2022-03-17,2022,phenyl,ASSAY-01-11,=,5.65,primary measurement,10,CNc1ccc(F)cc1,CNc1ccc(F)cc1,accepted,5.65,=,True,usable_exact_value
DPC0011,CN(C)c1ccc(F)cc1,DEMO-101-A1,Northstar Therapeutics,2022-03-17,2022,phenyl,ASSAY-01-12,=,5.75,primary measurement,11,CN(C)c1ccc(F)cc1,CN(C)c1ccc(F)cc1,accepted,5.75,=,True,usable_exact_value
DPC0012,N#Cc1ccc(F)cc1,DEMO-101-A1,Northstar Therapeutics,2022-03-17,2022,phenyl,ASSAY-01-01,=,5.77,primary measurement,12,N#Cc1ccc(F)cc1,N#Cc1ccc(F)cc1,accepted,5.77,=,True,usable_exact_value
DPC0013,Fc1ccc(C(F)(F)F)cc1,DEMO-101-A1,Northstar Therapeutics,2022-03-17,2022,phenyl,ASSAY-01-02,=,5.6,primary measurement,13,Fc1ccc(C(F)(F)F)cc1,Fc1ccc(C(F)(F)F)cc1,accepted,5.6,=,True,usable_exact_value
DPC0014,NC(=O)c1ccc(F)cc1,DEMO-101-A1,Northstar Therapeutics,2022-03-17,2022,phenyl,ASSAY-01-03,=,5.46,primary measurement,14,NC(=O)c1ccc(F)cc1,NC(=O)c1ccc(F)cc1,accepted,5.46,=,True,usable_exact_value
DPC0015,CNC(=O)c1ccc(F)cc1,DEMO-101-A1,Northstar Therapeutics,2022-03-17,2022,phenyl,ASSAY-01-04,=,5.5,primary measurement,15,CNC(=O)c1ccc(F)cc1,CNC(=O)c1ccc(F)cc1,accepted,5.5,=,True,usable_exact_value
DPC0016,NS(=O)(=O)c1ccc(F)cc1,DEMO-101-A1,Northstar Therapeutics,2022-03-17,2022,phenyl,ASSAY-01-05,=,5.45,primary measurement,16,NS(=O)(=O)c1ccc(F)cc1,NS(=O)(=O)c1ccc(F)cc1,accepted,5.45,=,True,usable_exact_value
DPC0017,Fc1ccc(OC(F)(F)F)cc1,DEMO-101-A1,Northstar Therapeutics,2022-03-17,2022,phenyl,ASSAY-01-06,=,5.6,primary measurement,17,Fc1ccc(OC(F)(F)F)cc1,Fc1ccc(OC(F)(F)F)cc1,accepted,5.6,=,True,usable_exact_value
DPC0018,Fc1ccc(N2CCOCC2)cc1,DEMO-101-A1,Northstar Therapeutics,2022-03-17,2022,phenyl,ASSAY-01-07,=,5.95,primary measurement,18,Fc1ccc(N2CCOCC2)cc1,Fc1ccc(N2CCOCC2)cc1,accepted,5.95,=,True,usable_exact_value
DPC0019,Fc1ccc(C2CC2)cc1,DEMO-101-A1,Northstar Therapeutics,2022-03-17,2022,phenyl,ASSAY-01-08,=,5.74,primary measurement,19,Fc1ccc(C2CC2)cc1,Fc1ccc(C2CC2)cc1,accepted,5.74,=,True,usable_exact_value
DPC0020,Fc1ccc(C2CCCCC2)cc1,DEMO-101-A1,Northstar Therapeutics,2022-03-17,2022,phenyl,ASSAY-01-09,=,5.86,primary measurement,20,Fc1ccc(C2CCCCC2)cc1,Fc1ccc(C2CCCCC2)cc1,accepted,5.86,=,True,usable_exact_value
DPC0021,Oc1ccc(F)cc1,DEMO-101-A1,Northstar Therapeutics,2022-03-17,2022,phenyl,ASSAY-01-10,=,5.58,primary measurement,21,Oc1ccc(F)cc1,Oc1ccc(F)cc1,accepted,5.58,=,True,usable_exact_value
DPC0022,O=C(O)c1ccc(F)cc1,DEMO-101-A1,Northstar Therapeutics,2022-03-17,2022,phenyl,ASSAY-01-11,=,5.51,primary measurement,22,O=C(O)c1ccc(F)cc1,O=C(O)c1ccc(F)cc1,accepted,5.51,=,True,usable_exact_value
DPC0023,Clc1ccc(Cl)cc1,DEMO-101-A1,Northstar Therapeutics,2022-03-17,2022,phenyl,ASSAY-01-12,<,5.53,primary measurement,23,Clc1ccc(Cl)cc1,Clc1ccc(Cl)cc1,accepted,5.53,<,False,censored_or_approximate
DPC0024,Clc1ccc(Br)cc1,DEMO-101-A1,Northstar Therapeutics,2022-03-17,2022,phenyl,ASSAY-01-01,=,5.48,primary measurement,24,Clc1ccc(Br)cc1,Clc1ccc(Br)cc1,accepted,5.48,=,True,usable_exact_value
DPC0025,Cc1ccc(Cl)cc1,DEMO-101-A1,Northstar Therapeutics,2022-03-17,2022,phenyl,ASSAY-01-02,=,5.46,primary measurement,25,Cc1ccc(Cl)cc1,Cc1ccc(Cl)cc1,accepted,5.46,=,True,usable_exact_value
DPC0026,CCc1ccc(Cl)cc1,DEMO-101-A1,Northstar Therapeutics,2022-03-17,2022,phenyl,ASSAY-01-03,=,5.64,primary measurement,26,CCc1ccc(Cl)cc1,CCc1ccc(Cl)cc1,accepted,5.64,=,True,usable_exact_value
DPC0027,CCCc1ccc(Cl)cc1,DEMO-101-A1,Northstar Therapeutics,2022-03-17,2022,phenyl,ASSAY-01-04,=,5.67,primary measurement,27,CCCc1ccc(Cl)cc1,CCCc1ccc(Cl)cc1,accepted,5.67,=,True,usable_exact_value
DPC0028,COc1ccc(Cl)cc1,DEMO-101-A1,Northstar Therapeutics,2022-03-17,2022,phenyl,ASSAY-01-05,=,5.82,primary measurement,28,COc1ccc(Cl)cc1,COc1ccc(Cl)cc1,accepted,5.82,=,True,usable_exact_value
DPC0029,CCOc1ccc(Cl)cc1,DEMO-101-A1,Northstar Therapeutics,2022-03-17,2022,phenyl,ASSAY-01-06,=,5.81,primary measurement,29,CCOc1ccc(Cl)cc1,CCOc1ccc(Cl)cc1,accepted,5.81,=,True,usable_exact_value
DPC0030,Nc1ccc(Cl)cc1,DEMO-101-A1,Northstar Therapeutics,2022-03-17,2022,phenyl,ASSAY-01-07,=,5.59,primary measurement,30,Nc1ccc(Cl)cc1,Nc1ccc(Cl)cc1,accepted,5.59,=,True,usable_exact_value
DPC0031,CNc1ccc(Cl)cc1,DEMO-101-A1,Northstar Therapeutics,2022-03-17,2022,phenyl,ASSAY-01-08,=,5.54,primary measurement,31,CNc1ccc(Cl)cc1,CNc1ccc(Cl)cc1,accepted,5.54,=,True,usable_exact_value
DPC0032,CN(C)c1ccc(Cl)cc1,DEMO-101-A1,Northstar Therapeutics,2022-03-17,2022,phenyl,ASSAY-01-09,=,5.54,primary measurement,32,CN(C)c1ccc(Cl)cc1,CN(C)c1ccc(Cl)cc1,accepted,5.54,=,True,usable_exact_value
DPC0033,N#Cc1ccc(Cl)cc1,DEMO-101-A1,Northstar Therapeutics,2022-03-17,2022,phenyl,ASSAY-01-10,=,5.64,primary measurement,33,N#Cc1ccc(Cl)cc1,N#Cc1ccc(Cl)cc1,accepted,5.64,=,True,usable_exact_value
DPC0034,FC(F)(F)c1ccc(Cl)cc1,DEMO-101-A1,Northstar Therapeutics,2022-03-17,2022,phenyl,ASSAY-01-11,=,5.69,primary measurement,34,FC(F)(F)c1ccc(Cl)cc1,FC(F)(F)c1ccc(Cl)cc1,accepted,5.69,=,True,usable_exact_value
DPC0035,NC(=O)c1ccc(Cl)cc1,DEMO-101-A1,Northstar Therapeutics,2022-03-17,2022,phenyl,ASSAY-01-12,=,5.77,primary measurement,35,NC(=O)c1ccc(Cl)cc1,NC(=O)c1ccc(Cl)cc1,accepted,5.77,=,True,usable_exact_value
DPC0036,CNC(=O)c1ccc(Cl)cc1,DEMO-101-A1,Northstar Therapeutics,2022-03-17,2022,phenyl,ASSAY-01-01,=,5.94,primary measurement,36,CNC(=O)c1ccc(Cl)cc1,CNC(=O)c1ccc(Cl)cc1,accepted,5.94,=,True,usable_exact_value
DPC0037,NS(=O)(=O)c1ccc(Cl)cc1,DEMO-101-A1,Northstar Therapeutics,2022-03-17,2022,phenyl,ASSAY-01-02,>,5.86,primary measurement,37,NS(=O)(=O)c1ccc(Cl)cc1,NS(=O)(=O)c1ccc(Cl)cc1,accepted,5.86,>,False,censored_or_approximate
DPC0038,FC(F)(F)Oc1ccc(Cl)cc1,DEMO-101-A1,Northstar Therapeutics,2022-03-17,2022,phenyl,ASSAY-01-03,=,5.83,primary measurement,38,FC(F)(F)Oc1ccc(Cl)cc1,FC(F)(F)Oc1ccc(Cl)cc1,accepted,5.83,=,True,usable_exact_value
DPC0039,Clc1ccc(N2CCOCC2)cc1,DEMO-101-A1,Northstar Therapeutics,2022-03-17,2022,phenyl,ASSAY-01-04,=,5.94,primary measurement,39,Clc1ccc(N2CCOCC2)cc1,Clc1ccc(N2CCOCC2)cc1,accepted,5.94,=,True,usable_exact_value
DPC0040,Clc1ccc(C2CC2)cc1,DEMO-101-A1,Northstar Therapeutics,2022-03-17,2022,phenyl,ASSAY-01-05,=,5.56,primary measurement,40,Clc1ccc(C2CC2)cc1,Clc1ccc(C2CC2)cc1,accepted,5.56,=,True,usable_exact_value
DPC0041,Clc1ccc(C2CCCCC2)cc1,DEMO-101-A1,Northstar Therapeutics,2022-03-17,2022,phenyl,ASSAY-01-06,=,5.66,primary measurement,41,Clc1ccc(C2CCCCC2)cc1,Clc1ccc(C2CCCCC2)cc1,accepted,5.66,=,True,usable_exact_value
DPC0042,Oc1ccc(Cl)cc1,DEMO-101-A1,Northstar Therapeutics,2022-03-17,2022,phenyl,ASSAY-01-07,=,5.53,primary measurement,42,Oc1ccc(Cl)cc1,Oc1ccc(Cl)cc1,accepted,5.53,=,True,usable_exact_value
DPC0043,O=C(O)c1ccc(Cl)cc1,DEMO-101-A1,Northstar Therapeutics,2022-03-17,2022,phenyl,ASSAY-01-08,=,5.7,primary measurement,43,O=C(O)c1ccc(Cl)cc1,O=C(O)c1ccc(Cl)cc1,accepted,5.7,=,True,usable_exact_value
DPC0044,Brc1ccc(Br)cc1,DEMO-101-A1,Northstar Therapeutics,2022-03-17,2022,phenyl,ASSAY-01-09,=,5.74,primary measurement,44,Brc1ccc(Br)cc1,Brc1ccc(Br)cc1,accepted,5.74,=,True,usable_exact_value
DPC0045,Cc1ccc(Br)cc1,DEMO-101-A1,Northstar Therapeutics,2022-03-17,2022,phenyl,ASSAY-01-10,=,5.72,primary measurement,45,Cc1ccc(Br)cc1,Cc1ccc(Br)cc1,accepted,5.72,=,True,usable_exact_value
DPC0046,CCc1ccc(Br)cc1,DEMO-101-A1,Northstar Therapeutics,2022-03-17,2022,phenyl,ASSAY-01-11,<,5.76,primary measurement,46,CCc1ccc(Br)cc1,CCc1ccc(Br)cc1,accepted,5.76,<,False,censored_or_approximate
DPC0047,CCCc1ccc(Br)cc1,DEMO-101-A1,Northstar Therapeutics,2022-03-17,2022,phenyl,ASSAY-01-12,=,5.59,primary measurement,47,CCCc1ccc(Br)cc1,CCCc1ccc(Br)cc1,accepted,5.59,=,True,usable_exact_value
DPC0048,COc1ccc(Br)cc1,DEMO-101-A1,Northstar Therapeutics,2022-03-17,2022,phenyl,ASSAY-01-01,=,5.58,primary measurement,48,COc1ccc(Br)cc1,COc1ccc(Br)cc1,accepted,5.58,=,True,usable_exact_value
DPC0049,CCOc1ccc(Br)cc1,DEMO-101-A1,Northstar Therapeutics,2022-03-17,2022,phenyl,ASSAY-01-02,=,5.53,primary measurement,49,CCOc1ccc(Br)cc1,CCOc1ccc(Br)cc1,accepted,5.53,=,True,usable_exact_value
DPC0050,Nc1ccc(Br)cc1,DEMO-101-A1,Northstar Therapeutics,2022-03-17,2022,phenyl,ASSAY-01-03,=,5.41,primary measurement,50,Nc1ccc(Br)cc1,Nc1ccc(Br)cc1,accepted,5.41,=,True,usable_exact_value
DPC0051,CNc1ccc(Br)cc1,DEMO-101-A1,Northstar Therapeutics,2022-03-17,2022,phenyl,ASSAY-01-04,=,5.55,primary measurement,51,CNc1ccc(Br)cc1,CNc1ccc(Br)cc1,accepted,5.55,=,True,usable_exact_value
DPC0052,CN(C)c1ccc(Br)cc1,DEMO-101-A1,Northstar Therapeutics,2022-03-17,2022,phenyl,ASSAY-01-05,=,5.74,primary measurement,52,CN(C)c1ccc(Br)cc1,CN(C)c1ccc(Br)cc1,accepted,5.74,=,True,usable_exact_value
DPC0053,N#Cc1ccc(Br)cc1,DEMO-101-A1,Northstar Therapeutics,2022-03-17,2022,phenyl,ASSAY-01-06,=,5.91,primary measurement,53,N#Cc1ccc(Br)cc1,N#Cc1ccc(Br)cc1,accepted,5.91,=,True,usable_exact_value
DPC0054,FC(F)(F)c1ccc(Br)cc1,DEMO-101-A1,Northstar Therapeutics,2022-03-17,2022,phenyl,ASSAY-01-07,=,5.87,primary measurement,54,FC(F)(F)c1ccc(Br)cc1,FC(F)(F)c1ccc(Br)cc1,accepted,5.87,=,True,usable_exact_value
DPC0055,NC(=O)c1ccc(Br)cc1,DEMO-102-A1,Helixbridge Pharma,2022-10-06,2022,phenyl,ASSAY-02-08,=,5.94,primary measurement,55,NC(=O)c1ccc(Br)cc1,NC(=O)c1ccc(Br)cc1,accepted,5.94,=,True,usable_exact_value
DPC0056,CNC(=O)c1ccc(Br)cc1,DEMO-102-A1,Helixbridge Pharma,2022-10-06,2022,phenyl,ASSAY-02-09,=,5.9,primary measurement,56,CNC(=O)c1ccc(Br)cc1,CNC(=O)c1ccc(Br)cc1,accepted,5.9,=,True,usable_exact_value
DPC0057,NS(=O)(=O)c1ccc(Br)cc1,DEMO-102-A1,Helixbridge Pharma,2022-10-06,2022,phenyl,ASSAY-02-10,=,5.7,primary measurement,57,NS(=O)(=O)c1ccc(Br)cc1,NS(=O)(=O)c1ccc(Br)cc1,accepted,5.7,=,True,usable_exact_value
DPC0058,FC(F)(F)Oc1ccc(Br)cc1,DEMO-102-A1,Helixbridge Pharma,2022-10-06,2022,phenyl,ASSAY-02-11,=,5.69,primary measurement,58,FC(F)(F)Oc1ccc(Br)cc1,FC(F)(F)Oc1ccc(Br)cc1,accepted,5.69,=,True,usable_exact_value
DPC0059,Brc1ccc(N2CCOCC2)cc1,DEMO-102-A1,Helixbridge Pharma,2022-10-06,2022,phenyl,ASSAY-02-12,=,5.95,primary measurement,59,Brc1ccc(N2CCOCC2)cc1,Brc1ccc(N2CCOCC2)cc1,accepted,5.95,=,True,usable_exact_value
DPC0060,Brc1ccc(C2CC2)cc1,DEMO-102-A1,Helixbridge Pharma,2022-10-06,2022,phenyl,ASSAY-02-01,=,5.78,primary measurement,60,Brc1ccc(C2CC2)cc1,Brc1ccc(C2CC2)cc1,accepted,5.78,=,True,usable_exact_value
DPC0061,Brc1ccc(C2CCCCC2)cc1,DEMO-102-A1,Helixbridge Pharma,2022-10-06,2022,phenyl,ASSAY-02-02,=,6.04,primary measurement,61,Brc1ccc(C2CCCCC2)cc1,Brc1ccc(C2CCCCC2)cc1,accepted,6.04,=,True,usable_exact_value
DPC0062,Oc1ccc(Br)cc1,DEMO-102-A1,Helixbridge Pharma,2022-10-06,2022,phenyl,ASSAY-02-03,=,5.93,primary measurement,62,Oc1ccc(Br)cc1,Oc1ccc(Br)cc1,accepted,5.93,=,True,usable_exact_value
DPC0063,O=C(O)c1ccc(Br)cc1,DEMO-102-A1,Helixbridge Pharma,2022-10-06,2022,phenyl,ASSAY-02-04,=,5.99,primary measurement,63,O=C(O)c1ccc(Br)cc1,O=C(O)c1ccc(Br)cc1,accepted,5.99,=,True,usable_exact_value
DPC0064,Cc1ccc(C)cc1,DEMO-102-A1,Helixbridge Pharma,2022-10-06,2022,phenyl,ASSAY-02-05,=,5.73,primary measurement,64,Cc1ccc(C)cc1,Cc1ccc(C)cc1,accepted,5.73,=,True,usable_exact_value
DPC0065,CCc1ccc(C)cc1,DEMO-102-A1,Helixbridge Pharma,2022-10-06,2022,phenyl,ASSAY-02-06,=,5.7,primary measurement,65,CCc1ccc(C)cc1,CCc1ccc(C)cc1,accepted,5.7,=,True,usable_exact_value
DPC0066,CCCc1ccc(C)cc1,DEMO-102-A1,Helixbridge Pharma,2022-10-06,2022,phenyl,ASSAY-02-07,=,5.55,primary measurement,66,CCCc1ccc(C)cc1,CCCc1ccc(C)cc1,accepted,5.55,=,True,usable_exact_value
DPC0067,COc1ccc(C)cc1,DEMO-102-A1,Helixbridge Pharma,2022-10-06,2022,phenyl,ASSAY-02-08,=,5.65,primary measurement,67,COc1ccc(C)cc1,COc1ccc(C)cc1,accepted,5.65,=,True,usable_exact_value
DPC0068,CCOc1ccc(C)cc1,DEMO-102-A1,Helixbridge Pharma,2022-10-06,2022,phenyl,ASSAY-02-09,=,5.76,primary measurement,68,CCOc1ccc(C)cc1,CCOc1ccc(C)cc1,accepted,5.76,=,True,usable_exact_value
DPC0069,Cc1ccc(N)cc1,DEMO-102-A1,Helixbridge Pharma,2022-10-06,2022,phenyl,ASSAY-02-10,<,5.76,primary measurement,69,Cc1ccc(N)cc1,Cc1ccc(N)cc1,accepted,5.76,<,False,censored_or_approximate
DPC0070,CNc1ccc(C)cc1,DEMO-102-A1,Helixbridge Pharma,2022-10-06,2022,phenyl,ASSAY-02-11,=,5.93,primary measurement,70,CNc1ccc(C)cc1,CNc1ccc(C)cc1,accepted,5.93,=,True,usable_exact_value
DPC0071,Cc1ccc(N(C)C)cc1,DEMO-102-A1,Helixbridge Pharma,2022-10-06,2022,phenyl,ASSAY-02-12,=,6.03,primary measurement,71,Cc1ccc(N(C)C)cc1,Cc1ccc(N(C)C)cc1,accepted,6.03,=,True,usable_exact_value
DPC0072,Cc1ccc(C#N)cc1,DEMO-102-A1,Helixbridge Pharma,2022-10-06,2022,phenyl,ASSAY-02-01,=,6.04,primary measurement,72,Cc1ccc(C#N)cc1,Cc1ccc(C#N)cc1,accepted,6.04,=,True,usable_exact_value
DPC0073,Cc1ccc(C(F)(F)F)cc1,DEMO-102-A1,Helixbridge Pharma,2022-10-06,2022,phenyl,ASSAY-02-02,=,5.86,primary measurement,73,Cc1ccc(C(F)(F)F)cc1,Cc1ccc(C(F)(F)F)cc1,accepted,5.86,=,True,usable_exact_value
DPC0074,Cc1ccc(C(N)=O)cc1,DEMO-102-A1,Helixbridge Pharma,2022-10-06,2022,phenyl,ASSAY-02-03,>,5.67,primary measurement,74,Cc1ccc(C(N)=O)cc1,Cc1ccc(C(N)=O)cc1,accepted,5.67,>,False,censored_or_approximate
DPC0075,CNC(=O)c1ccc(C)cc1,DEMO-102-A1,Helixbridge Pharma,2022-10-06,2022,phenyl,ASSAY-02-04,=,5.67,primary measurement,75,CNC(=O)c1ccc(C)cc1,CNC(=O)c1ccc(C)cc1,accepted,5.67,=,True,usable_exact_value
DPC0076,Cc1ccc(S(N)(=O)=O)cc1,DEMO-102-A1,Helixbridge Pharma,2022-10-06,2022,phenyl,ASSAY-02-05,=,5.57,primary measurement,76,Cc1ccc(S(N)(=O)=O)cc1,Cc1ccc(S(N)(=O)=O)cc1,accepted,5.57,=,True,usable_exact_value
DPC0077,Cc1ccc(OC(F)(F)F)cc1,DEMO-102-A1,Helixbridge Pharma,2022-10-06,2022,phenyl,ASSAY-02-06,=,5.69,primary measurement,77,Cc1ccc(OC(F)(F)F)cc1,Cc1ccc(OC(F)(F)F)cc1,accepted,5.69,=,True,usable_exact_value
DPC0078,Cc1ccc(N2CCOCC2)cc1,DEMO-102-A1,Helixbridge Pharma,2022-10-06,2022,phenyl,ASSAY-02-07,=,6.03,primary measurement,78,Cc1ccc(N2CCOCC2)cc1,Cc1ccc(N2CCOCC2)cc1,accepted,6.03,=,True,usable_exact_value
DPC0079,Cc1ccc(C2CC2)cc1,DEMO-102-A1,Helixbridge Pharma,2022-10-06,2022,phenyl,ASSAY-02-08,=,5.83,primary measurement,79,Cc1ccc(C2CC2)cc1,Cc1ccc(C2CC2)cc1,accepted,5.83,=,True,usable_exact_value
DPC0080,Cc1ccc(C2CCCCC2)cc1,DEMO-102-A1,Helixbridge Pharma,2022-10-06,2022,phenyl,ASSAY-02-09,=,5.99,primary measurement,80,Cc1ccc(C2CCCCC2)cc1,Cc1ccc(C2CCCCC2)cc1,accepted,5.99,=,True,usable_exact_value
DPC0081,Cc1ccc(O)cc1,DEMO-102-A1,Helixbridge Pharma,2022-10-06,2022,phenyl,ASSAY-02-10,=,5.73,primary measurement,81,Cc1ccc(O)cc1,Cc1ccc(O)cc1,accepted,5.73,=,True,usable_exact_value
DPC0082,Cc1ccc(C(=O)O)cc1,DEMO-102-A1,Helixbridge Pharma,2022-10-06,2022,phenyl,ASSAY-02-11,=,5.69,primary measurement,82,Cc1ccc(C(=O)O)cc1,Cc1ccc(C(=O)O)cc1,accepted,5.69,=,True,usable_exact_value
DPC0083,CCc1ccc(CC)cc1,DEMO-102-A1,Helixbridge Pharma,2022-10-06,2022,phenyl,ASSAY-02-12,=,5.66,primary measurement,83,CCc1ccc(CC)cc1,CCc1ccc(CC)cc1,accepted,5.66,=,True,usable_exact_value
DPC0084,CCCc1ccc(CC)cc1,DEMO-102-A1,Helixbridge Pharma,2022-10-06,2022,phenyl,ASSAY-02-01,=,5.59,primary measurement,84,CCCc1ccc(CC)cc1,CCCc1ccc(CC)cc1,accepted,5.59,=,True,usable_exact_value
DPC0085,CCc1ccc(OC)cc1,DEMO-102-A1,Helixbridge Pharma,2022-10-06,2022,phenyl,ASSAY-02-02,=,5.78,primary measurement,85,CCc1ccc(OC)cc1,CCc1ccc(OC)cc1,accepted,5.78,=,True,usable_exact_value
DPC0086,CCOc1ccc(CC)cc1,DEMO-102-A1,Helixbridge Pharma,2022-10-06,2022,phenyl,ASSAY-02-03,=,5.96,primary measurement,86,CCOc1ccc(CC)cc1,CCOc1ccc(CC)cc1,accepted,5.96,=,True,usable_exact_value
DPC0087,CCc1ccc(N)cc1,DEMO-102-A1,Helixbridge Pharma,2022-10-06,2022,phenyl,ASSAY-02-04,=,5.98,primary measurement,87,CCc1ccc(N)cc1,CCc1ccc(N)cc1,accepted,5.98,=,True,usable_exact_value
DPC0088,CCc1ccc(NC)cc1,DEMO-102-A1,Helixbridge Pharma,2022-10-06,2022,phenyl,ASSAY-02-05,=,6.11,primary measurement,88,CCc1ccc(NC)cc1,CCc1ccc(NC)cc1,accepted,6.11,=,True,usable_exact_value
DPC0089,CCc1ccc(N(C)C)cc1,DEMO-102-A1,Helixbridge Pharma,2022-10-06,2022,phenyl,ASSAY-02-06,=,6.16,primary measurement,89,CCc1ccc(N(C)C)cc1,CCc1ccc(N(C)C)cc1,accepted,6.16,=,True,usable_exact_value
DPC0090,CCc1ccc(C#N)cc1,DEMO-102-A1,Helixbridge Pharma,2022-10-06,2022,phenyl,ASSAY-02-07,=,6.12,primary measurement,90,CCc1ccc(C#N)cc1,CCc1ccc(C#N)cc1,accepted,6.12,=,True,usable_exact_value
DPC0091,CCc1ccc(C(F)(F)F)cc1,DEMO-102-A1,Helixbridge Pharma,2022-10-06,2022,phenyl,ASSAY-02-08,=,5.92,primary measurement,91,CCc1ccc(C(F)(F)F)cc1,CCc1ccc(C(F)(F)F)cc1,accepted,5.92,=,True,usable_exact_value
DPC0092,CCc1ccc(C(N)=O)cc1,DEMO-102-A1,Helixbridge Pharma,2022-10-06,2022,phenyl,ASSAY-02-09,<,5.76,primary measurement,92,CCc1ccc(C(N)=O)cc1,CCc1ccc(C(N)=O)cc1,accepted,5.76,<,False,censored_or_approximate
DPC0093,CCc1ccc(C(=O)NC)cc1,DEMO-102-A1,Helixbridge Pharma,2022-10-06,2022,phenyl,ASSAY-02-10,=,5.81,primary measurement,93,CCc1ccc(C(=O)NC)cc1,CCc1ccc(C(=O)NC)cc1,accepted,5.81,=,True,usable_exact_value
DPC0094,CCc1ccc(S(N)(=O)=O)cc1,DEMO-102-A1,Helixbridge Pharma,2022-10-06,2022,phenyl,ASSAY-02-11,=,5.76,primary measurement,94,CCc1ccc(S(N)(=O)=O)cc1,CCc1ccc(S(N)(=O)=O)cc1,accepted,5.76,=,True,usable_exact_value
DPC0095,CCc1ccc(OC(F)(F)F)cc1,DEMO-102-A1,Helixbridge Pharma,2022-10-06,2022,phenyl,ASSAY-02-12,=,5.88,primary measurement,95,CCc1ccc(OC(F)(F)F)cc1,CCc1ccc(OC(F)(F)F)cc1,accepted,5.88,=,True,usable_exact_value
DPC0096,CCc1ccc(N2CCOCC2)cc1,DEMO-102-A1,Helixbridge Pharma,2022-10-06,2022,phenyl,ASSAY-02-01,=,6.18,primary measurement,96,CCc1ccc(N2CCOCC2)cc1,CCc1ccc(N2CCOCC2)cc1,accepted,6.18,=,True,usable_exact_value
DPC0097,CCc1ccc(C2CC2)cc1,DEMO-102-A1,Helixbridge Pharma,2022-10-06,2022,phenyl,ASSAY-02-02,=,5.9,primary measurement,97,CCc1ccc(C2CC2)cc1,CCc1ccc(C2CC2)cc1,accepted,5.9,=,True,usable_exact_value
DPC0098,CCc1ccc(C2CCCCC2)cc1,DEMO-102-A1,Helixbridge Pharma,2022-10-06,2022,phenyl,ASSAY-02-03,=,5.96,primary measurement,98,CCc1ccc(C2CCCCC2)cc1,CCc1ccc(C2CCCCC2)cc1,accepted,5.96,=,True,usable_exact_value
DPC0099,CCc1ccc(O)cc1,DEMO-102-A1,Helixbridge Pharma,2022-10-06,2022,phenyl,ASSAY-02-04,=,5.66,primary measurement,99,CCc1ccc(O)cc1,CCc1ccc(O)cc1,accepted,5.66,=,True,usable_exact_value
DPC0100,CCc1ccc(C(=O)O)cc1,DEMO-102-A1,Helixbridge Pharma,2022-10-06,2022,phenyl,ASSAY-02-05,=,5.61,primary measurement,100,CCc1ccc(C(=O)O)cc1,CCc1ccc(C(=O)O)cc1,accepted,5.61,=,True,usable_exact_value
DPC0101,CCCc1ccc(CCC)cc1,DEMO-102-A1,Helixbridge Pharma,2022-10-06,2022,phenyl,ASSAY-02-06,=,5.44,primary measurement,101,CCCc1ccc(CCC)cc1,CCCc1ccc(CCC)cc1,accepted,5.44,=,True,usable_exact_value
DPC0102,CCCc1ccc(OC)cc1,DEMO-102-A1,Helixbridge Pharma,2022-10-06,2022,phenyl,ASSAY-02-07,=,5.62,primary measurement,102,CCCc1ccc(OC)cc1,CCCc1ccc(OC)cc1,accepted,5.62,=,True,usable_exact_value
DPC0103,CCCc1ccc(OCC)cc1,DEMO-102-A1,Helixbridge Pharma,2022-10-06,2022,phenyl,ASSAY-02-08,=,5.81,primary measurement,103,CCCc1ccc(OCC)cc1,CCCc1ccc(OCC)cc1,accepted,5.81,=,True,usable_exact_value
DPC0104,CCCc1ccc(N)cc1,DEMO-102-A1,Helixbridge Pharma,2022-10-06,2022,phenyl,ASSAY-02-09,=,5.85,primary measurement,104,CCCc1ccc(N)cc1,CCCc1ccc(N)cc1,accepted,5.85,=,True,usable_exact_value
DPC0105,CCCc1ccc(NC)cc1,DEMO-102-A1,Helixbridge Pharma,2022-10-06,2022,phenyl,ASSAY-02-10,=,6.03,primary measurement,105,CCCc1ccc(NC)cc1,CCCc1ccc(NC)cc1,accepted,6.03,=,True,usable_exact_value
DPC0106,CCCc1ccc(N(C)C)cc1,DEMO-102-A1,Helixbridge Pharma,2022-10-06,2022,phenyl,ASSAY-02-11,=,6.12,primary measurement,106,CCCc1ccc(N(C)C)cc1,CCCc1ccc(N(C)C)cc1,accepted,6.12,=,True,usable_exact_value
DPC0107,CCCc1ccc(C#N)cc1,DEMO-102-A1,Helixbridge Pharma,2022-10-06,2022,phenyl,ASSAY-02-12,=,6.12,primary measurement,107,CCCc1ccc(C#N)cc1,CCCc1ccc(C#N)cc1,accepted,6.12,=,True,usable_exact_value
DPC0108,CCCc1ccc(C(F)(F)F)cc1,DEMO-102-A1,Helixbridge Pharma,2022-10-06,2022,phenyl,ASSAY-02-01,=,5.95,primary measurement,108,CCCc1ccc(C(F)(F)F)cc1,CCCc1ccc(C(F)(F)F)cc1,accepted,5.95,=,True,usable_exact_value
DPC0109,CCCc1ccc(C(N)=O)cc1,DEMO-103-A1,Kestrel BioDiscovery,2023-07-13,2023,phenyl,ASSAY-03-02,=,5.94,primary measurement,109,CCCc1ccc(C(N)=O)cc1,CCCc1ccc(C(N)=O)cc1,accepted,5.94,=,True,usable_exact_value
DPC0110,CCCc1ccc(C(=O)NC)cc1,DEMO-103-A1,Kestrel BioDiscovery,2023-07-13,2023,phenyl,ASSAY-03-03,=,5.98,primary measurement,110,CCCc1ccc(C(=O)NC)cc1,CCCc1ccc(C(=O)NC)cc1,accepted,5.98,=,True,usable_exact_value
DPC0111,CCCc1ccc(S(N)(=O)=O)cc1,DEMO-103-A1,Kestrel BioDiscovery,2023-07-13,2023,phenyl,ASSAY-03-04,>,5.92,primary measurement,111,CCCc1ccc(S(N)(=O)=O)cc1,CCCc1ccc(S(N)(=O)=O)cc1,accepted,5.92,>,False,censored_or_approximate
DPC0112,CCCc1ccc(OC(F)(F)F)cc1,DEMO-103-A1,Kestrel BioDiscovery,2023-07-13,2023,phenyl,ASSAY-03-05,=,6.04,primary measurement,112,CCCc1ccc(OC(F)(F)F)cc1,CCCc1ccc(OC(F)(F)F)cc1,accepted,6.04,=,True,usable_exact_value
DPC0113,CCCc1ccc(N2CCOCC2)cc1,DEMO-103-A1,Kestrel BioDiscovery,2023-07-13,2023,phenyl,ASSAY-03-06,=,6.34,primary measurement,113,CCCc1ccc(N2CCOCC2)cc1,CCCc1ccc(N2CCOCC2)cc1,accepted,6.34,=,True,usable_exact_value
DPC0114,CCCc1ccc(C2CC2)cc1,DEMO-103-A1,Kestrel BioDiscovery,2023-07-13,2023,phenyl,ASSAY-03-07,=,6.06,primary measurement,114,CCCc1ccc(C2CC2)cc1,CCCc1ccc(C2CC2)cc1,accepted,6.06,=,True,usable_exact_value
DPC0115,CCCc1ccc(C2CCCCC2)cc1,DEMO-103-A1,Kestrel BioDiscovery,2023-07-13,2023,phenyl,ASSAY-03-08,<,6.12,primary measurement,115,CCCc1ccc(C2CCCCC2)cc1,CCCc1ccc(C2CCCCC2)cc1,accepted,6.12,<,False,censored_or_approximate
DPC0116,CCCc1ccc(O)cc1,DEMO-103-A1,Kestrel BioDiscovery,2023-07-13,2023,phenyl,ASSAY-03-09,=,5.8,primary measurement,116,CCCc1ccc(O)cc1,CCCc1ccc(O)cc1,accepted,5.8,=,True,usable_exact_value
DPC0117,CCCc1ccc(C(=O)O)cc1,DEMO-103-A1,Kestrel BioDiscovery,2023-07-13,2023,phenyl,ASSAY-03-10,=,5.71,primary measurement,117,CCCc1ccc(C(=O)O)cc1,CCCc1ccc(C(=O)O)cc1,accepted,5.71,=,True,usable_exact_value
DPC0118,COc1ccc(OC)cc1,DEMO-103-A1,Kestrel BioDiscovery,2023-07-13,2023,phenyl,ASSAY-03-11,=,5.81,primary measurement,118,COc1ccc(OC)cc1,COc1ccc(OC)cc1,accepted,5.81,=,True,usable_exact_value
DPC0119,CCOc1ccc(OC)cc1,DEMO-103-A1,Kestrel BioDiscovery,2023-07-13,2023,phenyl,ASSAY-03-12,=,5.88,primary measurement,119,CCOc1ccc(OC)cc1,CCOc1ccc(OC)cc1,accepted,5.88,=,True,usable_exact_value
DPC0120,COc1ccc(N)cc1,DEMO-103-A1,Kestrel BioDiscovery,2023-07-13,2023,phenyl,ASSAY-03-01,=,5.87,primary measurement,120,COc1ccc(N)cc1,COc1ccc(N)cc1,accepted,5.87,=,True,usable_exact_value
DPC0121,CNc1ccc(OC)cc1,DEMO-103-A1,Kestrel BioDiscovery,2023-07-13,2023,phenyl,ASSAY-03-02,=,6.08,primary measurement,121,CNc1ccc(OC)cc1,CNc1ccc(OC)cc1,accepted,6.08,=,True,usable_exact_value
DPC0122,COc1ccc(N(C)C)cc1,DEMO-103-A1,Kestrel BioDiscovery,2023-07-13,2023,phenyl,ASSAY-03-03,=,6.27,primary measurement,122,COc1ccc(N(C)C)cc1,COc1ccc(N(C)C)cc1,accepted,6.27,=,True,usable_exact_value
DPC0123,COc1ccc(C#N)cc1,DEMO-103-A1,Kestrel BioDiscovery,2023-07-13,2023,phenyl,ASSAY-03-04,=,6.38,primary measurement,123,COc1ccc(C#N)cc1,COc1ccc(C#N)cc1,accepted,6.38,=,True,usable_exact_value
DPC0124,COc1ccc(C(F)(F)F)cc1,DEMO-103-A1,Kestrel BioDiscovery,2023-07-13,2023,phenyl,ASSAY-03-05,=,6.27,primary measurement,124,COc1ccc(C(F)(F)F)cc1,COc1ccc(C(F)(F)F)cc1,accepted,6.27,=,True,usable_exact_value
DPC0125,COc1ccc(C(N)=O)cc1,DEMO-103-A1,Kestrel BioDiscovery,2023-07-13,2023,phenyl,ASSAY-03-06,=,6.13,primary measurement,125,COc1ccc(C(N)=O)cc1,COc1ccc(C(N)=O)cc1,accepted,6.13,=,True,usable_exact_value
DPC0126,CNC(=O)c1ccc(OC)cc1,DEMO-103-A1,Kestrel BioDiscovery,2023-07-13,2023,phenyl,ASSAY-03-07,=,6.11,primary measurement,126,CNC(=O)c1ccc(OC)cc1,CNC(=O)c1ccc(OC)cc1,accepted,6.11,=,True,usable_exact_value
DPC0127,COc1ccc(S(N)(=O)=O)cc1,DEMO-103-A1,Kestrel BioDiscovery,2023-07-13,2023,phenyl,ASSAY-03-08,=,5.98,primary measurement,127,COc1ccc(S(N)(=O)=O)cc1,COc1ccc(S(N)(=O)=O)cc1,accepted,5.98,=,True,usable_exact_value
DPC0128,COc1ccc(OC(F)(F)F)cc1,DEMO-103-A1,Kestrel BioDiscovery,2023-07-13,2023,phenyl,ASSAY-03-09,=,6.06,primary measurement,128,COc1ccc(OC(F)(F)F)cc1,COc1ccc(OC(F)(F)F)cc1,accepted,6.06,=,True,usable_exact_value
DPC0129,COc1ccc(N2CCOCC2)cc1,DEMO-103-A1,Kestrel BioDiscovery,2023-07-13,2023,phenyl,ASSAY-03-10,=,6.39,primary measurement,129,COc1ccc(N2CCOCC2)cc1,COc1ccc(N2CCOCC2)cc1,accepted,6.39,=,True,usable_exact_value
DPC0130,COc1ccc(C2CC2)cc1,DEMO-103-A1,Kestrel BioDiscovery,2023-07-13,2023,phenyl,ASSAY-03-11,=,6.21,primary measurement,130,COc1ccc(C2CC2)cc1,COc1ccc(C2CC2)cc1,accepted,6.21,=,True,usable_exact_value
DPC0131,COc1ccc(C2CCCCC2)cc1,DEMO-103-A1,Kestrel BioDiscovery,2023-07-13,2023,phenyl,ASSAY-03-12,=,6.39,primary measurement,131,COc1ccc(C2CCCCC2)cc1,COc1ccc(C2CCCCC2)cc1,accepted,6.39,=,True,usable_exact_value
DPC0132,COc1ccc(O)cc1,DEMO-103-A1,Kestrel BioDiscovery,2023-07-13,2023,phenyl,ASSAY-03-01,=,6.16,primary measurement,132,COc1ccc(O)cc1,COc1ccc(O)cc1,accepted,6.16,=,True,usable_exact_value
DPC0133,COc1ccc(C(=O)O)cc1,DEMO-103-A1,Kestrel BioDiscovery,2023-07-13,2023,phenyl,ASSAY-03-02,=,6.1,primary measurement,133,COc1ccc(C(=O)O)cc1,COc1ccc(C(=O)O)cc1,accepted,6.1,=,True,usable_exact_value
DPC0134,CCOc1ccc(OCC)cc1,DEMO-103-A1,Kestrel BioDiscovery,2023-07-13,2023,phenyl,ASSAY-03-03,=,6.13,primary measurement,134,CCOc1ccc(OCC)cc1,CCOc1ccc(OCC)cc1,accepted,6.13,=,True,usable_exact_value
DPC0135,CCOc1ccc(N)cc1,DEMO-103-A1,Kestrel BioDiscovery,2023-07-13,2023,phenyl,ASSAY-03-04,=,5.92,primary measurement,135,CCOc1ccc(N)cc1,CCOc1ccc(N)cc1,accepted,5.92,=,True,usable_exact_value
DPC0136,CCOc1ccc(NC)cc1,DEMO-103-A1,Kestrel BioDiscovery,2023-07-13,2023,phenyl,ASSAY-03-05,=,5.98,primary measurement,136,CCOc1ccc(NC)cc1,CCOc1ccc(NC)cc1,accepted,5.98,=,True,usable_exact_value
DPC0137,CCOc1ccc(N(C)C)cc1,DEMO-103-A1,Kestrel BioDiscovery,2023-07-13,2023,phenyl,ASSAY-03-06,=,6.11,primary measurement,137,CCOc1ccc(N(C)C)cc1,CCOc1ccc(N(C)C)cc1,accepted,6.11,=,True,usable_exact_value
DPC0138,CCOc1ccc(C#N)cc1,DEMO-103-A1,Kestrel BioDiscovery,2023-07-13,2023,phenyl,ASSAY-03-07,<,6.29,primary measurement,138,CCOc1ccc(C#N)cc1,CCOc1ccc(C#N)cc1,accepted,6.29,<,False,censored_or_approximate
DPC0139,CCOc1ccc(C(F)(F)F)cc1,DEMO-103-A1,Kestrel BioDiscovery,2023-07-13,2023,phenyl,ASSAY-03-08,=,6.32,primary measurement,139,CCOc1ccc(C(F)(F)F)cc1,CCOc1ccc(C(F)(F)F)cc1,accepted,6.32,=,True,usable_exact_value
DPC0140,CCOc1ccc(C(N)=O)cc1,DEMO-103-A1,Kestrel BioDiscovery,2023-07-13,2023,phenyl,ASSAY-03-09,=,6.29,primary measurement,140,CCOc1ccc(C(N)=O)cc1,CCOc1ccc(C(N)=O)cc1,accepted,6.29,=,True,usable_exact_value
DPC0141,CCOc1ccc(C(=O)NC)cc1,DEMO-103-A1,Kestrel BioDiscovery,2023-07-13,2023,phenyl,ASSAY-03-10,=,6.31,primary measurement,141,CCOc1ccc(C(=O)NC)cc1,CCOc1ccc(C(=O)NC)cc1,accepted,6.31,=,True,usable_exact_value
DPC0142,CCOc1ccc(S(N)(=O)=O)cc1,DEMO-103-A1,Kestrel BioDiscovery,2023-07-13,2023,phenyl,ASSAY-03-11,=,6.09,primary measurement,142,CCOc1ccc(S(N)(=O)=O)cc1,CCOc1ccc(S(N)(=O)=O)cc1,accepted,6.09,=,True,usable_exact_value
DPC0143,CCOc1ccc(OC(F)(F)F)cc1,DEMO-103-A1,Kestrel BioDiscovery,2023-07-13,2023,phenyl,ASSAY-03-12,=,6.0,primary measurement,143,CCOc1ccc(OC(F)(F)F)cc1,CCOc1ccc(OC(F)(F)F)cc1,accepted,6.0,=,True,usable_exact_value
DPC0144,CCOc1ccc(N2CCOCC2)cc1,DEMO-103-A1,Kestrel BioDiscovery,2023-07-13,2023,phenyl,ASSAY-03-01,=,6.17,primary measurement,144,CCOc1ccc(N2CCOCC2)cc1,CCOc1ccc(N2CCOCC2)cc1,accepted,6.17,=,True,usable_exact_value
DPC0145,CCOc1ccc(C2CC2)cc1,DEMO-103-A1,Kestrel BioDiscovery,2023-07-13,2023,phenyl,ASSAY-03-02,=,5.92,primary measurement,145,CCOc1ccc(C2CC2)cc1,CCOc1ccc(C2CC2)cc1,accepted,5.92,=,True,usable_exact_value
DPC0146,CCOc1ccc(C2CCCCC2)cc1,DEMO-103-A1,Kestrel BioDiscovery,2023-07-13,2023,phenyl,ASSAY-03-03,=,6.16,primary measurement,146,CCOc1ccc(C2CCCCC2)cc1,CCOc1ccc(C2CCCCC2)cc1,accepted,6.16,=,True,usable_exact_value
DPC0147,CCOc1ccc(O)cc1,DEMO-103-A1,Kestrel BioDiscovery,2023-07-13,2023,phenyl,ASSAY-03-04,=,6.11,primary measurement,147,CCOc1ccc(O)cc1,CCOc1ccc(O)cc1,accepted,6.11,=,True,usable_exact_value
DPC0148,CCOc1ccc(C(=O)O)cc1,DEMO-103-A1,Kestrel BioDiscovery,2023-07-13,2023,phenyl,ASSAY-03-05,>,6.26,primary measurement,148,CCOc1ccc(C(=O)O)cc1,CCOc1ccc(C(=O)O)cc1,accepted,6.26,>,False,censored_or_approximate
DPC0149,Nc1ccc(N)cc1,DEMO-103-A1,Kestrel BioDiscovery,2023-07-13,2023,phenyl,ASSAY-03-06,=,6.18,primary measurement,149,Nc1ccc(N)cc1,Nc1ccc(N)cc1,accepted,6.18,=,True,usable_exact_value
DPC0150,CNc1ccc(N)cc1,DEMO-103-A1,Kestrel BioDiscovery,2023-07-13,2023,phenyl,ASSAY-03-07,=,6.2,primary measurement,150,CNc1ccc(N)cc1,CNc1ccc(N)cc1,accepted,6.2,=,True,usable_exact_value
DPC0151,CN(C)c1ccc(N)cc1,DEMO-103-A1,Kestrel BioDiscovery,2023-07-13,2023,phenyl,ASSAY-03-08,=,6.16,primary measurement,151,CN(C)c1ccc(N)cc1,CN(C)c1ccc(N)cc1,accepted,6.16,=,True,usable_exact_value
DPC0152,N#Cc1ccc(N)cc1,DEMO-103-A1,Kestrel BioDiscovery,2023-07-13,2023,phenyl,ASSAY-03-09,=,6.15,primary measurement,152,N#Cc1ccc(N)cc1,N#Cc1ccc(N)cc1,accepted,6.15,=,True,usable_exact_value
DPC0153,Nc1ccc(C(F)(F)F)cc1,DEMO-103-A1,Kestrel BioDiscovery,2023-07-13,2023,phenyl,ASSAY-03-10,=,6.06,primary measurement,153,Nc1ccc(C(F)(F)F)cc1,Nc1ccc(C(F)(F)F)cc1,accepted,6.06,=,True,usable_exact_value
DPC0154,NC(=O)c1ccc(N)cc1,DEMO-103-A1,Kestrel BioDiscovery,2023-07-13,2023,phenyl,ASSAY-03-11,=,6.06,primary measurement,154,NC(=O)c1ccc(N)cc1,NC(=O)c1ccc(N)cc1,accepted,6.06,=,True,usable_exact_value
DPC0155,CNC(=O)c1ccc(N)cc1,DEMO-103-A1,Kestrel BioDiscovery,2023-07-13,2023,phenyl,ASSAY-03-12,=,6.22,primary measurement,155,CNC(=O)c1ccc(N)cc1,CNC(=O)c1ccc(N)cc1,accepted,6.22,=,True,usable_exact_value
DPC0156,Nc1ccc(S(N)(=O)=O)cc1,DEMO-103-A1,Kestrel BioDiscovery,2023-07-13,2023,phenyl,ASSAY-03-01,=,6.2,primary measurement,156,Nc1ccc(S(N)(=O)=O)cc1,Nc1ccc(S(N)(=O)=O)cc1,accepted,6.2,=,True,usable_exact_value
DPC0157,Nc1ccc(OC(F)(F)F)cc1,DEMO-103-A1,Kestrel BioDiscovery,2023-07-13,2023,phenyl,ASSAY-03-02,=,6.25,primary measurement,157,Nc1ccc(OC(F)(F)F)cc1,Nc1ccc(OC(F)(F)F)cc1,accepted,6.25,=,True,usable_exact_value
DPC0158,Nc1ccc(N2CCOCC2)cc1,DEMO-103-A1,Kestrel BioDiscovery,2023-07-13,2023,phenyl,ASSAY-03-03,=,6.4,primary measurement,158,Nc1ccc(N2CCOCC2)cc1,Nc1ccc(N2CCOCC2)cc1,accepted,6.4,=,True,usable_exact_value
DPC0159,Nc1ccc(C2CC2)cc1,DEMO-103-A1,Kestrel BioDiscovery,2023-07-13,2023,phenyl,ASSAY-03-04,=,5.98,primary measurement,159,Nc1ccc(C2CC2)cc1,Nc1ccc(C2CC2)cc1,accepted,5.98,=,True,usable_exact_value
DPC0160,Nc1ccc(C2CCCCC2)cc1,DEMO-103-A1,Kestrel BioDiscovery,2023-07-13,2023,phenyl,ASSAY-03-05,=,5.96,primary measurement,160,Nc1ccc(C2CCCCC2)cc1,Nc1ccc(C2CCCCC2)cc1,accepted,5.96,=,True,usable_exact_value
DPC0161,Nc1ccc(O)cc1,DEMO-103-A1,Kestrel BioDiscovery,2023-07-13,2023,phenyl,ASSAY-03-06,<,5.67,primary measurement,161,Nc1ccc(O)cc1,Nc1ccc(O)cc1,accepted,5.67,<,False,censored_or_approximate
DPC0162,Nc1ccc(C(=O)O)cc1,DEMO-103-A1,Kestrel BioDiscovery,2023-07-13,2023,phenyl,ASSAY-03-07,=,5.73,primary measurement,162,Nc1ccc(C(=O)O)cc1,Nc1ccc(C(=O)O)cc1,accepted,5.73,=,True,usable_exact_value
DPC0163,CNc1ccc(NC)cc1,DEMO-104-A1,Mosaic Medicines,2024-11-21,2024,phenyl,ASSAY-04-08,=,6.13,primary measurement,163,CNc1ccc(NC)cc1,CNc1ccc(NC)cc1,accepted,6.13,=,True,usable_exact_value
DPC0164,CNc1ccc(N(C)C)cc1,DEMO-104-A1,Mosaic Medicines,2024-11-21,2024,phenyl,ASSAY-04-09,=,6.33,primary measurement,164,CNc1ccc(N(C)C)cc1,CNc1ccc(N(C)C)cc1,accepted,6.33,=,True,usable_exact_value
DPC0165,CNc1ccc(C#N)cc1,DEMO-104-A1,Mosaic Medicines,2024-11-21,2024,phenyl,ASSAY-04-10,=,6.52,primary measurement,165,CNc1ccc(C#N)cc1,CNc1ccc(C#N)cc1,accepted,6.52,=,True,usable_exact_value
DPC0166,CNc1ccc(C(F)(F)F)cc1,DEMO-104-A1,Mosaic Medicines,2024-11-21,2024,phenyl,ASSAY-04-11,=,6.49,primary measurement,166,CNc1ccc(C(F)(F)F)cc1,CNc1ccc(C(F)(F)F)cc1,accepted,6.49,=,True,usable_exact_value
DPC0167,CNc1ccc(C(N)=O)cc1,DEMO-104-A1,Mosaic Medicines,2024-11-21,2024,phenyl,ASSAY-04-12,=,6.4,primary measurement,167,CNc1ccc(C(N)=O)cc1,CNc1ccc(C(N)=O)cc1,accepted,6.4,=,True,usable_exact_value
DPC0168,CNC(=O)c1ccc(NC)cc1,DEMO-104-A1,Mosaic Medicines,2024-11-21,2024,phenyl,ASSAY-04-01,=,6.37,primary measurement,168,CNC(=O)c1ccc(NC)cc1,CNC(=O)c1ccc(NC)cc1,accepted,6.37,=,True,usable_exact_value
DPC0169,CNc1ccc(S(N)(=O)=O)cc1,DEMO-104-A1,Mosaic Medicines,2024-11-21,2024,phenyl,ASSAY-04-02,=,6.18,primary measurement,169,CNc1ccc(S(N)(=O)=O)cc1,CNc1ccc(S(N)(=O)=O)cc1,accepted,6.18,=,True,usable_exact_value
DPC0170,CNc1ccc(OC(F)(F)F)cc1,DEMO-104-A1,Mosaic Medicines,2024-11-21,2024,phenyl,ASSAY-04-03,=,6.18,primary measurement,170,CNc1ccc(OC(F)(F)F)cc1,CNc1ccc(OC(F)(F)F)cc1,accepted,6.18,=,True,usable_exact_value
DPC0171,CNc1ccc(N2CCOCC2)cc1,DEMO-104-A1,Mosaic Medicines,2024-11-21,2024,phenyl,ASSAY-04-04,=,6.45,primary measurement,171,CNc1ccc(N2CCOCC2)cc1,CNc1ccc(N2CCOCC2)cc1,accepted,6.45,=,True,usable_exact_value
DPC0172,CNc1ccc(C2CC2)cc1,DEMO-104-A1,Mosaic Medicines,2024-11-21,2024,phenyl,ASSAY-04-05,=,6.27,primary measurement,172,CNc1ccc(C2CC2)cc1,CNc1ccc(C2CC2)cc1,accepted,6.27,=,True,usable_exact_value
DPC0173,CNc1ccc(C2CCCCC2)cc1,DEMO-104-A1,Mosaic Medicines,2024-11-21,2024,phenyl,ASSAY-04-06,=,6.51,primary measurement,173,CNc1ccc(C2CCCCC2)cc1,CNc1ccc(C2CCCCC2)cc1,accepted,6.51,=,True,usable_exact_value
DPC0174,CNc1ccc(O)cc1,DEMO-104-A1,Mosaic Medicines,2024-11-21,2024,phenyl,ASSAY-04-07,=,6.37,primary measurement,174,CNc1ccc(O)cc1,CNc1ccc(O)cc1,accepted,6.37,=,True,usable_exact_value
DPC0175,CNc1ccc(C(=O)O)cc1,DEMO-104-A1,Mosaic Medicines,2024-11-21,2024,phenyl,ASSAY-04-08,=,6.4,primary measurement,175,CNc1ccc(C(=O)O)cc1,CNc1ccc(C(=O)O)cc1,accepted,6.4,=,True,usable_exact_value
DPC0176,CN(C)c1ccc(N(C)C)cc1,DEMO-104-A1,Mosaic Medicines,2024-11-21,2024,phenyl,ASSAY-04-09,=,6.54,primary measurement,176,CN(C)c1ccc(N(C)C)cc1,CN(C)c1ccc(N(C)C)cc1,accepted,6.54,=,True,usable_exact_value
DPC0177,CN(C)c1ccc(C#N)cc1,DEMO-104-A1,Mosaic Medicines,2024-11-21,2024,phenyl,ASSAY-04-10,=,6.48,primary measurement,177,CN(C)c1ccc(C#N)cc1,CN(C)c1ccc(C#N)cc1,accepted,6.48,=,True,usable_exact_value
DPC0178,CN(C)c1ccc(C(F)(F)F)cc1,DEMO-104-A1,Mosaic Medicines,2024-11-21,2024,phenyl,ASSAY-04-11,=,6.31,primary measurement,178,CN(C)c1ccc(C(F)(F)F)cc1,CN(C)c1ccc(C(F)(F)F)cc1,accepted,6.31,=,True,usable_exact_value
DPC0179,CN(C)c1ccc(C(N)=O)cc1,DEMO-104-A1,Mosaic Medicines,2024-11-21,2024,phenyl,ASSAY-04-12,=,6.23,primary measurement,179,CN(C)c1ccc(C(N)=O)cc1,CN(C)c1ccc(C(N)=O)cc1,accepted,6.23,=,True,usable_exact_value
DPC0180,CNC(=O)c1ccc(N(C)C)cc1,DEMO-104-A1,Mosaic Medicines,2024-11-21,2024,phenyl,ASSAY-04-01,=,6.35,primary measurement,180,CNC(=O)c1ccc(N(C)C)cc1,CNC(=O)c1ccc(N(C)C)cc1,accepted,6.35,=,True,usable_exact_value
DPC0181,CN(C)c1ccc(S(N)(=O)=O)cc1,DEMO-104-A1,Mosaic Medicines,2024-11-21,2024,phenyl,ASSAY-04-02,=,6.34,primary measurement,181,CN(C)c1ccc(S(N)(=O)=O)cc1,CN(C)c1ccc(S(N)(=O)=O)cc1,accepted,6.34,=,True,usable_exact_value
DPC0182,CN(C)c1ccc(OC(F)(F)F)cc1,DEMO-104-A1,Mosaic Medicines,2024-11-21,2024,phenyl,ASSAY-04-03,=,6.45,primary measurement,182,CN(C)c1ccc(OC(F)(F)F)cc1,CN(C)c1ccc(OC(F)(F)F)cc1,accepted,6.45,=,True,usable_exact_value
DPC0183,CN(C)c1ccc(N2CCOCC2)cc1,DEMO-104-A1,Mosaic Medicines,2024-11-21,2024,phenyl,ASSAY-04-04,=,6.68,primary measurement,183,CN(C)c1ccc(N2CCOCC2)cc1,CN(C)c1ccc(N2CCOCC2)cc1,accepted,6.68,=,True,usable_exact_value
DPC0184,CN(C)c1ccc(C2CC2)cc1,DEMO-104-A1,Mosaic Medicines,2024-11-21,2024,phenyl,ASSAY-04-05,<,6.33,primary measurement,184,CN(C)c1ccc(C2CC2)cc1,CN(C)c1ccc(C2CC2)cc1,accepted,6.33,<,False,censored_or_approximate
DPC0185,CN(C)c1ccc(C2CCCCC2)cc1,DEMO-104-A1,Mosaic Medicines,2024-11-21,2024,phenyl,ASSAY-04-06,>,6.34,primary measurement,185,CN(C)c1ccc(C2CCCCC2)cc1,CN(C)c1ccc(C2CCCCC2)cc1,accepted,6.34,>,False,censored_or_approximate
DPC0186,CN(C)c1ccc(O)cc1,DEMO-104-A1,Mosaic Medicines,2024-11-21,2024,phenyl,ASSAY-04-07,=,6.03,primary measurement,186,CN(C)c1ccc(O)cc1,CN(C)c1ccc(O)cc1,accepted,6.03,=,True,usable_exact_value
DPC0187,CN(C)c1ccc(C(=O)O)cc1,DEMO-104-A1,Mosaic Medicines,2024-11-21,2024,phenyl,ASSAY-04-08,=,6.04,primary measurement,187,CN(C)c1ccc(C(=O)O)cc1,CN(C)c1ccc(C(=O)O)cc1,accepted,6.04,=,True,usable_exact_value
DPC0188,N#Cc1ccc(C#N)cc1,DEMO-104-A1,Mosaic Medicines,2024-11-21,2024,phenyl,ASSAY-04-09,=,6.41,primary measurement,188,N#Cc1ccc(C#N)cc1,N#Cc1ccc(C#N)cc1,accepted,6.41,=,True,usable_exact_value
DPC0189,N#Cc1ccc(C(F)(F)F)cc1,DEMO-104-A1,Mosaic Medicines,2024-11-21,2024,phenyl,ASSAY-04-10,=,6.47,primary measurement,189,N#Cc1ccc(C(F)(F)F)cc1,N#Cc1ccc(C(F)(F)F)cc1,accepted,6.47,=,True,usable_exact_value
DPC0190,N#Cc1ccc(C(N)=O)cc1,DEMO-104-A1,Mosaic Medicines,2024-11-21,2024,phenyl,ASSAY-04-11,=,6.57,primary measurement,190,N#Cc1ccc(C(N)=O)cc1,N#Cc1ccc(C(N)=O)cc1,accepted,6.57,=,True,usable_exact_value
DPC0191,CNC(=O)c1ccc(C#N)cc1,DEMO-104-A1,Mosaic Medicines,2024-11-21,2024,phenyl,ASSAY-04-12,=,6.74,primary measurement,191,CNC(=O)c1ccc(C#N)cc1,CNC(=O)c1ccc(C#N)cc1,accepted,6.74,=,True,usable_exact_value
DPC0192,N#Cc1ccc(S(N)(=O)=O)cc1,DEMO-104-A1,Mosaic Medicines,2024-11-21,2024,phenyl,ASSAY-04-01,=,6.65,primary measurement,192,N#Cc1ccc(S(N)(=O)=O)cc1,N#Cc1ccc(S(N)(=O)=O)cc1,accepted,6.65,=,True,usable_exact_value
DPC0193,N#Cc1ccc(OC(F)(F)F)cc1,DEMO-104-A1,Mosaic Medicines,2024-11-21,2024,phenyl,ASSAY-04-02,=,6.61,primary measurement,193,N#Cc1ccc(OC(F)(F)F)cc1,N#Cc1ccc(OC(F)(F)F)cc1,accepted,6.61,=,True,usable_exact_value
DPC0194,N#Cc1ccc(N2CCOCC2)cc1,DEMO-104-A1,Mosaic Medicines,2024-11-21,2024,phenyl,ASSAY-04-03,=,6.7,primary measurement,194,N#Cc1ccc(N2CCOCC2)cc1,N#Cc1ccc(N2CCOCC2)cc1,accepted,6.7,=,True,usable_exact_value
DPC0195,N#Cc1ccc(C2CC2)cc1,DEMO-104-A1,Mosaic Medicines,2024-11-21,2024,phenyl,ASSAY-04-04,=,6.31,primary measurement,195,N#Cc1ccc(C2CC2)cc1,N#Cc1ccc(C2CC2)cc1,accepted,6.31,=,True,usable_exact_value
DPC0196,N#Cc1ccc(C2CCCCC2)cc1,DEMO-104-A1,Mosaic Medicines,2024-11-21,2024,phenyl,ASSAY-04-05,=,6.4,primary measurement,196,N#Cc1ccc(C2CCCCC2)cc1,N#Cc1ccc(C2CCCCC2)cc1,accepted,6.4,=,True,usable_exact_value
DPC0197,N#Cc1ccc(O)cc1,DEMO-104-A1,Mosaic Medicines,2024-11-21,2024,phenyl,ASSAY-04-06,=,6.25,primary measurement,197,N#Cc1ccc(O)cc1,N#Cc1ccc(O)cc1,accepted,6.25,=,True,usable_exact_value
DPC0198,N#Cc1ccc(C(=O)O)cc1,DEMO-104-A1,Mosaic Medicines,2024-11-21,2024,phenyl,ASSAY-04-07,=,6.4,primary measurement,198,N#Cc1ccc(C(=O)O)cc1,N#Cc1ccc(C(=O)O)cc1,accepted,6.4,=,True,usable_exact_value
DPC0199,FC(F)(F)c1ccc(C(F)(F)F)cc1,DEMO-104-A1,Mosaic Medicines,2024-11-21,2024,phenyl,ASSAY-04-08,=,6.62,primary measurement,199,FC(F)(F)c1ccc(C(F)(F)F)cc1,FC(F)(F)c1ccc(C(F)(F)F)cc1,accepted,6.62,=,True,usable_exact_value
DPC0200,NC(=O)c1ccc(C(F)(F)F)cc1,DEMO-104-A1,Mosaic Medicines,2024-11-21,2024,phenyl,ASSAY-04-09,=,6.6,primary measurement,200,NC(=O)c1ccc(C(F)(F)F)cc1,NC(=O)c1ccc(C(F)(F)F)cc1,accepted,6.6,=,True,usable_exact_value
DPC0201,CNC(=O)c1ccc(C(F)(F)F)cc1,DEMO-104-A1,Mosaic Medicines,2024-11-21,2024,phenyl,ASSAY-04-10,=,6.61,primary measurement,201,CNC(=O)c1ccc(C(F)(F)F)cc1,CNC(=O)c1ccc(C(F)(F)F)cc1,accepted,6.61,=,True,usable_exact_value
DPC0202,NS(=O)(=O)c1ccc(C(F)(F)F)cc1,DEMO-104-A1,Mosaic Medicines,2024-11-21,2024,phenyl,ASSAY-04-11,=,6.38,primary measurement,202,NS(=O)(=O)c1ccc(C(F)(F)F)cc1,NS(=O)(=O)c1ccc(C(F)(F)F)cc1,accepted,6.38,=,True,usable_exact_value
DPC0203,FC(F)(F)Oc1ccc(C(F)(F)F)cc1,DEMO-104-A1,Mosaic Medicines,2024-11-21,2024,phenyl,ASSAY-04-12,=,6.26,primary measurement,203,FC(F)(F)Oc1ccc(C(F)(F)F)cc1,FC(F)(F)Oc1ccc(C(F)(F)F)cc1,accepted,6.26,=,True,usable_exact_value
DPC0204,FC(F)(F)c1ccc(N2CCOCC2)cc1,DEMO-104-A1,Mosaic Medicines,2024-11-21,2024,phenyl,ASSAY-04-01,=,6.38,primary measurement,204,FC(F)(F)c1ccc(N2CCOCC2)cc1,FC(F)(F)c1ccc(N2CCOCC2)cc1,accepted,6.38,=,True,usable_exact_value
DPC0205,FC(F)(F)c1ccc(C2CC2)cc1,DEMO-104-A1,Mosaic Medicines,2024-11-21,2024,phenyl,ASSAY-04-02,=,6.08,primary measurement,205,FC(F)(F)c1ccc(C2CC2)cc1,FC(F)(F)c1ccc(C2CC2)cc1,accepted,6.08,=,True,usable_exact_value
DPC0206,FC(F)(F)c1ccc(C2CCCCC2)cc1,DEMO-104-A1,Mosaic Medicines,2024-11-21,2024,phenyl,ASSAY-04-03,=,6.28,primary measurement,206,FC(F)(F)c1ccc(C2CCCCC2)cc1,FC(F)(F)c1ccc(C2CCCCC2)cc1,accepted,6.28,=,True,usable_exact_value
DPC0207,Oc1ccc(C(F)(F)F)cc1,DEMO-104-A1,Mosaic Medicines,2024-11-21,2024,phenyl,ASSAY-04-04,<,6.21,primary measurement,207,Oc1ccc(C(F)(F)F)cc1,Oc1ccc(C(F)(F)F)cc1,accepted,6.21,<,False,censored_or_approximate
DPC0208,O=C(O)c1ccc(C(F)(F)F)cc1,DEMO-104-A1,Mosaic Medicines,2024-11-21,2024,phenyl,ASSAY-04-05,=,6.36,primary measurement,208,O=C(O)c1ccc(C(F)(F)F)cc1,O=C(O)c1ccc(C(F)(F)F)cc1,accepted,6.36,=,True,usable_exact_value
DPC0209,NC(=O)c1ccc(C(N)=O)cc1,DEMO-104-A1,Mosaic Medicines,2024-11-21,2024,phenyl,ASSAY-04-06,=,6.49,primary measurement,209,NC(=O)c1ccc(C(N)=O)cc1,NC(=O)c1ccc(C(N)=O)cc1,accepted,6.49,=,True,usable_exact_value
DPC0210,CNC(=O)c1ccc(C(N)=O)cc1,DEMO-104-A1,Mosaic Medicines,2024-11-21,2024,phenyl,ASSAY-04-07,=,6.51,primary measurement,210,CNC(=O)c1ccc(C(N)=O)cc1,CNC(=O)c1ccc(C(N)=O)cc1,accepted,6.51,=,True,usable_exact_value
DPC0211,NC(=O)c1ccc(S(N)(=O)=O)cc1,DEMO-104-A1,Mosaic Medicines,2024-11-21,2024,phenyl,ASSAY-04-08,=,6.31,primary measurement,211,NC(=O)c1ccc(S(N)(=O)=O)cc1,NC(=O)c1ccc(S(N)(=O)=O)cc1,accepted,6.31,=,True,usable_exact_value
DPC0212,NC(=O)c1ccc(OC(F)(F)F)cc1,DEMO-104-A1,Mosaic Medicines,2024-11-21,2024,phenyl,ASSAY-04-09,=,6.24,primary measurement,212,NC(=O)c1ccc(OC(F)(F)F)cc1,NC(=O)c1ccc(OC(F)(F)F)cc1,accepted,6.24,=,True,usable_exact_value
DPC0213,NC(=O)c1ccc(N2CCOCC2)cc1,DEMO-104-A1,Mosaic Medicines,2024-11-21,2024,phenyl,ASSAY-04-10,=,6.43,primary measurement,213,NC(=O)c1ccc(N2CCOCC2)cc1,NC(=O)c1ccc(N2CCOCC2)cc1,accepted,6.43,=,True,usable_exact_value
DPC0214,NC(=O)c1ccc(C2CC2)cc1,DEMO-104-A1,Mosaic Medicines,2024-11-21,2024,phenyl,ASSAY-04-11,=,6.19,primary measurement,214,NC(=O)c1ccc(C2CC2)cc1,NC(=O)c1ccc(C2CC2)cc1,accepted,6.19,=,True,usable_exact_value
DPC0215,NC(=O)c1ccc(C2CCCCC2)cc1,DEMO-104-A1,Mosaic Medicines,2024-11-21,2024,phenyl,ASSAY-04-12,=,6.43,primary measurement,215,NC(=O)c1ccc(C2CCCCC2)cc1,NC(=O)c1ccc(C2CCCCC2)cc1,accepted,6.43,=,True,usable_exact_value
DPC0216,NC(=O)c1ccc(O)cc1,DEMO-104-A1,Mosaic Medicines,2024-11-21,2024,phenyl,ASSAY-04-01,=,6.35,primary measurement,216,NC(=O)c1ccc(O)cc1,NC(=O)c1ccc(O)cc1,accepted,6.35,=,True,usable_exact_value
DPC0217,NC(=O)c1ccc(Br)cc1,DEMO-101-A1,Northstar Therapeutics,2022-03-17,2022,phenyl,ASSAY-01-02,=,5.91,cross-patent repeat measurement,217,NC(=O)c1ccc(Br)cc1,NC(=O)c1ccc(Br)cc1,accepted,5.91,=,True,usable_exact_value
DPC0218,CNC(=O)c1ccc(Br)cc1,DEMO-101-A1,Northstar Therapeutics,2022-03-17,2022,phenyl,ASSAY-01-03,=,5.98,cross-patent repeat measurement,218,CNC(=O)c1ccc(Br)cc1,CNC(=O)c1ccc(Br)cc1,accepted,5.98,=,True,usable_exact_value
DPC0219,NS(=O)(=O)c1ccc(Br)cc1,DEMO-101-A1,Northstar Therapeutics,2022-03-17,2022,phenyl,ASSAY-01-04,=,5.8,cross-patent repeat measurement,219,NS(=O)(=O)c1ccc(Br)cc1,NS(=O)(=O)c1ccc(Br)cc1,accepted,5.8,=,True,usable_exact_value
DPC0220,FC(F)(F)Oc1ccc(Br)cc1,DEMO-101-A1,Northstar Therapeutics,2022-03-17,2022,phenyl,ASSAY-01-05,=,5.7,cross-patent repeat measurement,220,FC(F)(F)Oc1ccc(Br)cc1,FC(F)(F)Oc1ccc(Br)cc1,accepted,5.7,=,True,usable_exact_value
DPC0221,Brc1ccc(N2CCOCC2)cc1,DEMO-101-A1,Northstar Therapeutics,2022-03-17,2022,phenyl,ASSAY-01-06,=,5.83,cross-patent repeat measurement,221,Brc1ccc(N2CCOCC2)cc1,Brc1ccc(N2CCOCC2)cc1,accepted,5.83,=,True,usable_exact_value
DPC0222,Brc1ccc(C2CC2)cc1,DEMO-101-A1,Northstar Therapeutics,2022-03-17,2022,phenyl,ASSAY-01-07,>,5.52,cross-patent repeat measurement,222,Brc1ccc(C2CC2)cc1,Brc1ccc(C2CC2)cc1,accepted,5.52,>,False,censored_or_approximate
DPC0223,CCCc1ccc(C(N)=O)cc1,DEMO-102-A1,Helixbridge Pharma,2022-10-06,2022,phenyl,ASSAY-02-08,=,5.7,cross-patent repeat measurement,223,CCCc1ccc(C(N)=O)cc1,CCCc1ccc(C(N)=O)cc1,accepted,5.7,=,True,usable_exact_value
DPC0224,CCCc1ccc(C(=O)NC)cc1,DEMO-102-A1,Helixbridge Pharma,2022-10-06,2022,phenyl,ASSAY-02-09,=,5.88,cross-patent repeat measurement,224,CCCc1ccc(C(=O)NC)cc1,CCCc1ccc(C(=O)NC)cc1,accepted,5.88,=,True,usable_exact_value
DPC0225,CCCc1ccc(S(N)(=O)=O)cc1,DEMO-102-A1,Helixbridge Pharma,2022-10-06,2022,phenyl,ASSAY-02-10,=,5.89,cross-patent repeat measurement,225,CCCc1ccc(S(N)(=O)=O)cc1,CCCc1ccc(S(N)(=O)=O)cc1,accepted,5.89,=,True,usable_exact_value
DPC0226,CCCc1ccc(OC(F)(F)F)cc1,DEMO-102-A1,Helixbridge Pharma,2022-10-06,2022,phenyl,ASSAY-02-11,=,5.96,cross-patent repeat measurement,226,CCCc1ccc(OC(F)(F)F)cc1,CCCc1ccc(OC(F)(F)F)cc1,accepted,5.96,=,True,usable_exact_value
DPC0227,CCCc1ccc(N2CCOCC2)cc1,DEMO-102-A1,Helixbridge Pharma,2022-10-06,2022,phenyl,ASSAY-02-12,=,6.14,cross-patent repeat measurement,227,CCCc1ccc(N2CCOCC2)cc1,CCCc1ccc(N2CCOCC2)cc1,accepted,6.14,=,True,usable_exact_value
DPC0228,CCCc1ccc(C2CC2)cc1,DEMO-102-A1,Helixbridge Pharma,2022-10-06,2022,phenyl,ASSAY-02-01,=,5.75,cross-patent repeat measurement,228,CCCc1ccc(C2CC2)cc1,CCCc1ccc(C2CC2)cc1,accepted,5.75,=,True,usable_exact_value
DPC0229,CNc1ccc(NC)cc1,DEMO-103-A1,Kestrel BioDiscovery,2023-07-13,2023,phenyl,ASSAY-03-02,=,5.89,cross-patent repeat measurement,229,CNc1ccc(NC)cc1,CNc1ccc(NC)cc1,accepted,5.89,=,True,usable_exact_value
DPC0230,CNc1ccc(N(C)C)cc1,DEMO-103-A1,Kestrel BioDiscovery,2023-07-13,2023,phenyl,ASSAY-03-03,<,5.94,cross-patent repeat measurement,230,CNc1ccc(N(C)C)cc1,CNc1ccc(N(C)C)cc1,accepted,5.94,<,False,censored_or_approximate
DPC0231,CNc1ccc(C#N)cc1,DEMO-103-A1,Kestrel BioDiscovery,2023-07-13,2023,phenyl,ASSAY-03-04,=,6.09,cross-patent repeat measurement,231,CNc1ccc(C#N)cc1,CNc1ccc(C#N)cc1,accepted,6.09,=,True,usable_exact_value
DPC0232,CNc1ccc(C(F)(F)F)cc1,DEMO-103-A1,Kestrel BioDiscovery,2023-07-13,2023,phenyl,ASSAY-03-05,=,6.17,cross-patent repeat measurement,232,CNc1ccc(C(F)(F)F)cc1,CNc1ccc(C(F)(F)F)cc1,accepted,6.17,=,True,usable_exact_value
DPC0233,CNc1ccc(C(N)=O)cc1,DEMO-103-A1,Kestrel BioDiscovery,2023-07-13,2023,phenyl,ASSAY-03-06,=,6.3,cross-patent repeat measurement,233,CNc1ccc(C(N)=O)cc1,CNc1ccc(C(N)=O)cc1,accepted,6.3,=,True,usable_exact_value
DPC0234,CNC(=O)c1ccc(NC)cc1,DEMO-103-A1,Kestrel BioDiscovery,2023-07-13,2023,phenyl,ASSAY-03-07,=,6.49,cross-patent repeat measurement,234,CNC(=O)c1ccc(NC)cc1,CNC(=O)c1ccc(NC)cc1,accepted,6.49,=,True,usable_exact_value
DPC0235,Fc1ccc(F)cc1,DEMO-104-A1,Mosaic Medicines,2024-11-21,2024,phenyl,ASSAY-04-08,=,5.96,cross-patent repeat measurement,235,Fc1ccc(F)cc1,Fc1ccc(F)cc1,accepted,5.96,=,True,usable_exact_value
DPC0236,Fc1ccc(Cl)cc1,DEMO-104-A1,Mosaic Medicines,2024-11-21,2024,phenyl,ASSAY-04-09,=,6.05,cross-patent repeat measurement,236,Fc1ccc(Cl)cc1,Fc1ccc(Cl)cc1,accepted,6.05,=,True,usable_exact_value
DPC0237,Fc1ccc(Br)cc1,DEMO-104-A1,Mosaic Medicines,2024-11-21,2024,phenyl,ASSAY-04-10,=,5.94,cross-patent repeat measurement,237,Fc1ccc(Br)cc1,Fc1ccc(Br)cc1,accepted,5.94,=,True,usable_exact_value
DPC0238,Cc1ccc(F)cc1,DEMO-104-A1,Mosaic Medicines,2024-11-21,2024,phenyl,ASSAY-04-11,=,5.79,cross-patent repeat measurement,238,Cc1ccc(F)cc1,Cc1ccc(F)cc1,accepted,5.79,=,True,usable_exact_value
DPC0239,CCc1ccc(F)cc1,DEMO-104-A1,Mosaic Medicines,2024-11-21,2024,phenyl,ASSAY-04-12,=,5.87,cross-patent repeat measurement,239,CCc1ccc(F)cc1,CCc1ccc(F)cc1,accepted,5.87,=,True,usable_exact_value
DPC0240,CCCc1ccc(F)cc1,DEMO-104-A1,Mosaic Medicines,2024-11-21,2024,phenyl,ASSAY-04-01,=,5.89,cross-patent repeat measurement,240,CCCc1ccc(F)cc1,CCCc1ccc(F)cc1,accepted,5.89,=,True,usable_exact_value
