compound_id,smiles,patent_id,assignee,publication_date,year,series,assay_id,standard_relation,pIC50,project_note,source_row,raw_smiles,standardized_smiles,status,duplicate_group_size,source_rows,patent_ids,assignees,molecular_weight,clogp,tpsa,hbd,hba,rotatable_bonds,heavy_atoms,rings,pIC50_median,n_measurements,murcko_scaffold,scaffold_id,cluster_id
DPC0001,Fc1ccc(F)cc1,DEMO-101-A1,Northstar Therapeutics,2022-03-17,2022,phenyl,ASSAY-01-02,=,5.54,primary measurement,1,Fc1ccc(F)cc1,Fc1ccc(F)cc1,accepted,2,1 | 235,DEMO-101-A1 | DEMO-104-A1,Mosaic Medicines | Northstar Therapeutics,114.094,1.965,0.0,0,0,0,8,1,5.75,2.0,c1ccccc1,S001,C020
DPC0002,Fc1ccc(Cl)cc1,DEMO-101-A1,Northstar Therapeutics,2022-03-17,2022,phenyl,ASSAY-01-03,=,5.72,primary measurement,2,Fc1ccc(Cl)cc1,Fc1ccc(Cl)cc1,accepted,2,2 | 236,DEMO-101-A1 | DEMO-104-A1,Mosaic Medicines | Northstar Therapeutics,130.549,2.479,0.0,0,0,0,8,1,5.885,2.0,c1ccccc1,S001,C019
DPC0003,Fc1ccc(Br)cc1,DEMO-101-A1,Northstar Therapeutics,2022-03-17,2022,phenyl,ASSAY-01-04,=,5.64,primary measurement,3,Fc1ccc(Br)cc1,Fc1ccc(Br)cc1,accepted,2,3 | 237,DEMO-101-A1 | DEMO-104-A1,Mosaic Medicines | Northstar Therapeutics,175.0,2.588,0.0,0,0,0,8,1,5.79,2.0,c1ccccc1,S001,C018
DPC0004,Cc1ccc(F)cc1,DEMO-101-A1,Northstar Therapeutics,2022-03-17,2022,phenyl,ASSAY-01-05,=,5.45,primary measurement,4,Cc1ccc(F)cc1,Cc1ccc(F)cc1,accepted,2,4 | 238,DEMO-101-A1 | DEMO-104-A1,Mosaic Medicines | Northstar Therapeutics,110.131,2.134,0.0,0,0,0,8,1,5.62,2.0,c1ccccc1,S001,C017
DPC0005,CCc1ccc(F)cc1,DEMO-101-A1,Northstar Therapeutics,2022-03-17,2022,phenyl,ASSAY-01-06,=,5.39,primary measurement,5,CCc1ccc(F)cc1,CCc1ccc(F)cc1,accepted,2,5 | 239,DEMO-101-A1 | DEMO-104-A1,Mosaic Medicines | Northstar Therapeutics,124.158,2.388,0.0,0,0,1,9,1,5.63,2.0,c1ccccc1,S001,C005
DPC0006,CCCc1ccc(F)cc1,DEMO-101-A1,Northstar Therapeutics,2022-03-17,2022,phenyl,ASSAY-01-07,=,5.24,primary measurement,6,CCCc1ccc(F)cc1,CCCc1ccc(F)cc1,accepted,2,6 | 240,DEMO-101-A1 | DEMO-104-A1,Mosaic Medicines | Northstar Therapeutics,138.185,2.778,0.0,0,0,2,10,1,5.5649999999999995,2.0,c1ccccc1,S001,C002
DPC0007,COc1ccc(F)cc1,DEMO-101-A1,Northstar Therapeutics,2022-03-17,2022,phenyl,ASSAY-01-08,=,5.35,primary measurement,7,COc1ccc(F)cc1,COc1ccc(F)cc1,accepted,1,7,DEMO-101-A1,Northstar Therapeutics,126.13,1.834,9.23,0,1,1,9,1,5.35,1.0,c1ccccc1,S001,C004
DPC0008,CCOc1ccc(F)cc1,DEMO-101-A1,Northstar Therapeutics,2022-03-17,2022,phenyl,ASSAY-01-09,=,5.47,primary measurement,8,CCOc1ccc(F)cc1,CCOc1ccc(F)cc1,accepted,1,8,DEMO-101-A1,Northstar Therapeutics,140.157,2.224,9.23,0,1,2,10,1,5.47,1.0,c1ccccc1,S001,C001
DPC0009,Nc1ccc(F)cc1,DEMO-101-A1,Northstar Therapeutics,2022-03-17,2022,phenyl,ASSAY-01-10,=,5.48,primary measurement,9,Nc1ccc(F)cc1,Nc1ccc(F)cc1,accepted,1,9,DEMO-101-A1,Northstar Therapeutics,111.119,1.408,26.02,1,1,0,8,1,5.48,1.0,c1ccccc1,S001,C015
DPC0010,CNc1ccc(F)cc1,DEMO-101-A1,Northstar Therapeutics,2022-03-17,2022,phenyl,ASSAY-01-11,=,5.65,primary measurement,10,CNc1ccc(F)cc1,CNc1ccc(F)cc1,accepted,1,10,DEMO-101-A1,Northstar Therapeutics,125.146,1.867,12.03,1,1,1,9,1,5.65,1.0,c1ccccc1,S001,C008
DPC0011,CN(C)c1ccc(F)cc1,DEMO-101-A1,Northstar Therapeutics,2022-03-17,2022,phenyl,ASSAY-01-12,=,5.75,primary measurement,11,CN(C)c1ccc(F)cc1,CN(C)c1ccc(F)cc1,accepted,1,11,DEMO-101-A1,Northstar Therapeutics,139.173,1.892,3.24,0,1,1,10,1,5.75,1.0,c1ccccc1,S001,C007
DPC0012,N#Cc1ccc(F)cc1,DEMO-101-A1,Northstar Therapeutics,2022-03-17,2022,phenyl,ASSAY-01-01,=,5.77,primary measurement,12,N#Cc1ccc(F)cc1,N#Cc1ccc(F)cc1,accepted,1,12,DEMO-101-A1,Northstar Therapeutics,121.114,1.697,23.79,0,1,0,9,1,5.77,1.0,c1ccccc1,S001,C009
DPC0013,Fc1ccc(C(F)(F)F)cc1,DEMO-101-A1,Northstar Therapeutics,2022-03-17,2022,phenyl,ASSAY-01-02,=,5.6,primary measurement,13,Fc1ccc(C(F)(F)F)cc1,Fc1ccc(C(F)(F)F)cc1,accepted,1,13,DEMO-101-A1,Northstar Therapeutics,164.101,2.845,0.0,0,0,0,11,1,5.6,1.0,c1ccccc1,S001,C006
DPC0014,NC(=O)c1ccc(F)cc1,DEMO-101-A1,Northstar Therapeutics,2022-03-17,2022,phenyl,ASSAY-01-03,=,5.46,primary measurement,14,NC(=O)c1ccc(F)cc1,NC(=O)c1ccc(F)cc1,accepted,1,14,DEMO-101-A1,Northstar Therapeutics,139.129,0.925,43.09,1,1,1,10,1,5.46,1.0,c1ccccc1,S001,C003
DPC0015,CNC(=O)c1ccc(F)cc1,DEMO-101-A1,Northstar Therapeutics,2022-03-17,2022,phenyl,ASSAY-01-04,=,5.5,primary measurement,15,CNC(=O)c1ccc(F)cc1,CNC(=O)c1ccc(F)cc1,accepted,1,15,DEMO-101-A1,Northstar Therapeutics,153.156,1.185,29.1,1,1,1,11,1,5.5,1.0,c1ccccc1,S001,C010
DPC0016,NS(=O)(=O)c1ccc(F)cc1,DEMO-101-A1,Northstar Therapeutics,2022-03-17,2022,phenyl,ASSAY-01-05,=,5.45,primary measurement,16,NS(=O)(=O)c1ccc(F)cc1,NS(=O)(=O)c1ccc(F)cc1,accepted,1,16,DEMO-101-A1,Northstar Therapeutics,175.184,0.473,60.16,1,2,1,11,1,5.45,1.0,c1ccccc1,S001,C014
DPC0017,Fc1ccc(OC(F)(F)F)cc1,DEMO-101-A1,Northstar Therapeutics,2022-03-17,2022,phenyl,ASSAY-01-06,=,5.6,primary measurement,17,Fc1ccc(OC(F)(F)F)cc1,Fc1ccc(OC(F)(F)F)cc1,accepted,1,17,DEMO-101-A1,Northstar Therapeutics,180.1,2.724,9.23,0,1,1,12,1,5.6,1.0,c1ccccc1,S001,C013
DPC0018,Fc1ccc(N2CCOCC2)cc1,DEMO-101-A1,Northstar Therapeutics,2022-03-17,2022,phenyl,ASSAY-01-07,=,5.95,primary measurement,18,Fc1ccc(N2CCOCC2)cc1,Fc1ccc(N2CCOCC2)cc1,accepted,1,18,DEMO-101-A1,Northstar Therapeutics,181.21,1.662,12.47,0,2,1,13,2,5.95,1.0,c1ccc(N2CCOCC2)cc1,S002,C011
DPC0019,Fc1ccc(C2CC2)cc1,DEMO-101-A1,Northstar Therapeutics,2022-03-17,2022,phenyl,ASSAY-01-08,=,5.74,primary measurement,19,Fc1ccc(C2CC2)cc1,Fc1ccc(C2CC2)cc1,accepted,1,19,DEMO-101-A1,Northstar Therapeutics,136.169,2.703,0.0,0,0,1,10,2,5.74,1.0,c1ccc(C2CC2)cc1,S003,C038
DPC0020,Fc1ccc(C2CCCCC2)cc1,DEMO-101-A1,Northstar Therapeutics,2022-03-17,2022,phenyl,ASSAY-01-09,=,5.86,primary measurement,20,Fc1ccc(C2CCCCC2)cc1,Fc1ccc(C2CCCCC2)cc1,accepted,1,20,DEMO-101-A1,Northstar Therapeutics,178.25,3.873,0.0,0,0,1,13,2,5.86,1.0,c1ccc(C2CCCCC2)cc1,S004,C012
DPC0021,Oc1ccc(F)cc1,DEMO-101-A1,Northstar Therapeutics,2022-03-17,2022,phenyl,ASSAY-01-10,=,5.58,primary measurement,21,Oc1ccc(F)cc1,Oc1ccc(F)cc1,accepted,1,21,DEMO-101-A1,Northstar Therapeutics,112.103,1.531,20.23,1,1,0,8,1,5.58,1.0,c1ccccc1,S001,C020
DPC0022,O=C(O)c1ccc(F)cc1,DEMO-101-A1,Northstar Therapeutics,2022-03-17,2022,phenyl,ASSAY-01-11,=,5.51,primary measurement,22,O=C(O)c1ccc(F)cc1,O=C(O)c1ccc(F)cc1,accepted,1,22,DEMO-101-A1,Northstar Therapeutics,140.113,1.524,37.3,1,1,1,10,1,5.51,1.0,c1ccccc1,S001,C037
DPC0023,Clc1ccc(Cl)cc1,DEMO-101-A1,Northstar Therapeutics,2022-03-17,2022,phenyl,ASSAY-01-12,<,5.53,primary measurement,23,Clc1ccc(Cl)cc1,Clc1ccc(Cl)cc1,accepted,1,23,DEMO-101-A1,Northstar Therapeutics,147.004,2.993,0.0,0,0,0,8,1,,,c1ccccc1,S001,C019
DPC0024,Clc1ccc(Br)cc1,DEMO-101-A1,Northstar Therapeutics,2022-03-17,2022,phenyl,ASSAY-01-01,=,5.48,primary measurement,24,Clc1ccc(Br)cc1,Clc1ccc(Br)cc1,accepted,1,24,DEMO-101-A1,Northstar Therapeutics,191.455,3.103,0.0,0,0,0,8,1,5.48,1.0,c1ccccc1,S001,C018
DPC0025,Cc1ccc(Cl)cc1,DEMO-101-A1,Northstar Therapeutics,2022-03-17,2022,phenyl,ASSAY-01-02,=,5.46,primary measurement,25,Cc1ccc(Cl)cc1,Cc1ccc(Cl)cc1,accepted,1,25,DEMO-101-A1,Northstar Therapeutics,126.586,2.648,0.0,0,0,0,8,1,5.46,1.0,c1ccccc1,S001,C017
DPC0026,CCc1ccc(Cl)cc1,DEMO-101-A1,Northstar Therapeutics,2022-03-17,2022,phenyl,ASSAY-01-03,=,5.64,primary measurement,26,CCc1ccc(Cl)cc1,CCc1ccc(Cl)cc1,accepted,1,26,DEMO-101-A1,Northstar Therapeutics,140.613,2.902,0.0,0,0,1,9,1,5.64,1.0,c1ccccc1,S001,C005
DPC0027,CCCc1ccc(Cl)cc1,DEMO-101-A1,Northstar Therapeutics,2022-03-17,2022,phenyl,ASSAY-01-04,=,5.67,primary measurement,27,CCCc1ccc(Cl)cc1,CCCc1ccc(Cl)cc1,accepted,1,27,DEMO-101-A1,Northstar Therapeutics,154.64,3.293,0.0,0,0,2,10,1,5.67,1.0,c1ccccc1,S001,C002
DPC0028,COc1ccc(Cl)cc1,DEMO-101-A1,Northstar Therapeutics,2022-03-17,2022,phenyl,ASSAY-01-05,=,5.82,primary measurement,28,COc1ccc(Cl)cc1,COc1ccc(Cl)cc1,accepted,1,28,DEMO-101-A1,Northstar Therapeutics,142.585,2.349,9.23,0,1,1,9,1,5.82,1.0,c1ccccc1,S001,C004
DPC0029,CCOc1ccc(Cl)cc1,DEMO-101-A1,Northstar Therapeutics,2022-03-17,2022,phenyl,ASSAY-01-06,=,5.81,primary measurement,29,CCOc1ccc(Cl)cc1,CCOc1ccc(Cl)cc1,accepted,1,29,DEMO-101-A1,Northstar Therapeutics,156.612,2.739,9.23,0,1,2,10,1,5.81,1.0,c1ccccc1,S001,C001
DPC0030,Nc1ccc(Cl)cc1,DEMO-101-A1,Northstar Therapeutics,2022-03-17,2022,phenyl,ASSAY-01-07,=,5.59,primary measurement,30,Nc1ccc(Cl)cc1,Nc1ccc(Cl)cc1,accepted,1,30,DEMO-101-A1,Northstar Therapeutics,127.574,1.922,26.02,1,1,0,8,1,5.59,1.0,c1ccccc1,S001,C015
DPC0031,CNc1ccc(Cl)cc1,DEMO-101-A1,Northstar Therapeutics,2022-03-17,2022,phenyl,ASSAY-01-08,=,5.54,primary measurement,31,CNc1ccc(Cl)cc1,CNc1ccc(Cl)cc1,accepted,1,31,DEMO-101-A1,Northstar Therapeutics,141.601,2.382,12.03,1,1,1,9,1,5.54,1.0,c1ccccc1,S001,C008
DPC0032,CN(C)c1ccc(Cl)cc1,DEMO-101-A1,Northstar Therapeutics,2022-03-17,2022,phenyl,ASSAY-01-09,=,5.54,primary measurement,32,CN(C)c1ccc(Cl)cc1,CN(C)c1ccc(Cl)cc1,accepted,1,32,DEMO-101-A1,Northstar Therapeutics,155.628,2.406,3.24,0,1,1,10,1,5.54,1.0,c1ccccc1,S001,C007
DPC0033,N#Cc1ccc(Cl)cc1,DEMO-101-A1,Northstar Therapeutics,2022-03-17,2022,phenyl,ASSAY-01-10,=,5.64,primary measurement,33,N#Cc1ccc(Cl)cc1,N#Cc1ccc(Cl)cc1,accepted,1,33,DEMO-101-A1,Northstar Therapeutics,137.569,2.212,23.79,0,1,0,9,1,5.64,1.0,c1ccccc1,S001,C009
DPC0034,FC(F)(F)c1ccc(Cl)cc1,DEMO-101-A1,Northstar Therapeutics,2022-03-17,2022,phenyl,ASSAY-01-11,=,5.69,primary measurement,34,FC(F)(F)c1ccc(Cl)cc1,FC(F)(F)c1ccc(Cl)cc1,accepted,1,34,DEMO-101-A1,Northstar Therapeutics,180.556,3.359,0.0,0,0,0,11,1,5.69,1.0,c1ccccc1,S001,C006
DPC0035,NC(=O)c1ccc(Cl)cc1,DEMO-101-A1,Northstar Therapeutics,2022-03-17,2022,phenyl,ASSAY-01-12,=,5.77,primary measurement,35,NC(=O)c1ccc(Cl)cc1,NC(=O)c1ccc(Cl)cc1,accepted,1,35,DEMO-101-A1,Northstar Therapeutics,155.584,1.439,43.09,1,1,1,10,1,5.77,1.0,c1ccccc1,S001,C003
DPC0036,CNC(=O)c1ccc(Cl)cc1,DEMO-101-A1,Northstar Therapeutics,2022-03-17,2022,phenyl,ASSAY-01-01,=,5.94,primary measurement,36,CNC(=O)c1ccc(Cl)cc1,CNC(=O)c1ccc(Cl)cc1,accepted,1,36,DEMO-101-A1,Northstar Therapeutics,169.611,1.7,29.1,1,1,1,11,1,5.94,1.0,c1ccccc1,S001,C010
DPC0037,NS(=O)(=O)c1ccc(Cl)cc1,DEMO-101-A1,Northstar Therapeutics,2022-03-17,2022,phenyl,ASSAY-01-02,>,5.86,primary measurement,37,NS(=O)(=O)c1ccc(Cl)cc1,NS(=O)(=O)c1ccc(Cl)cc1,accepted,1,37,DEMO-101-A1,Northstar Therapeutics,191.639,0.987,60.16,1,2,1,11,1,,,c1ccccc1,S001,C014
DPC0038,FC(F)(F)Oc1ccc(Cl)cc1,DEMO-101-A1,Northstar Therapeutics,2022-03-17,2022,phenyl,ASSAY-01-03,=,5.83,primary measurement,38,FC(F)(F)Oc1ccc(Cl)cc1,FC(F)(F)Oc1ccc(Cl)cc1,accepted,1,38,DEMO-101-A1,Northstar Therapeutics,196.555,3.239,9.23,0,1,1,12,1,5.83,1.0,c1ccccc1,S001,C013
DPC0039,Clc1ccc(N2CCOCC2)cc1,DEMO-101-A1,Northstar Therapeutics,2022-03-17,2022,phenyl,ASSAY-01-04,=,5.94,primary measurement,39,Clc1ccc(N2CCOCC2)cc1,Clc1ccc(N2CCOCC2)cc1,accepted,1,39,DEMO-101-A1,Northstar Therapeutics,197.665,2.177,12.47,0,2,1,13,2,5.94,1.0,c1ccc(N2CCOCC2)cc1,S002,C011
DPC0040,Clc1ccc(C2CC2)cc1,DEMO-101-A1,Northstar Therapeutics,2022-03-17,2022,phenyl,ASSAY-01-05,=,5.56,primary measurement,40,Clc1ccc(C2CC2)cc1,Clc1ccc(C2CC2)cc1,accepted,1,40,DEMO-101-A1,Northstar Therapeutics,152.624,3.217,0.0,0,0,1,10,2,5.56,1.0,c1ccc(C2CC2)cc1,S003,C036
DPC0041,Clc1ccc(C2CCCCC2)cc1,DEMO-101-A1,Northstar Therapeutics,2022-03-17,2022,phenyl,ASSAY-01-06,=,5.66,primary measurement,41,Clc1ccc(C2CCCCC2)cc1,Clc1ccc(C2CCCCC2)cc1,accepted,1,41,DEMO-101-A1,Northstar Therapeutics,194.705,4.388,0.0,0,0,1,13,2,5.66,1.0,c1ccc(C2CCCCC2)cc1,S004,C012
DPC0042,Oc1ccc(Cl)cc1,DEMO-101-A1,Northstar Therapeutics,2022-03-17,2022,phenyl,ASSAY-01-07,=,5.53,primary measurement,42,Oc1ccc(Cl)cc1,Oc1ccc(Cl)cc1,accepted,1,42,DEMO-101-A1,Northstar Therapeutics,128.558,2.046,20.23,1,1,0,8,1,5.53,1.0,c1ccccc1,S001,C019
DPC0043,O=C(O)c1ccc(Cl)cc1,DEMO-101-A1,Northstar Therapeutics,2022-03-17,2022,phenyl,ASSAY-01-08,=,5.7,primary measurement,43,O=C(O)c1ccc(Cl)cc1,O=C(O)c1ccc(Cl)cc1,accepted,1,43,DEMO-101-A1,Northstar Therapeutics,156.568,2.038,37.3,1,1,1,10,1,5.7,1.0,c1ccccc1,S001,C035
DPC0044,Brc1ccc(Br)cc1,DEMO-101-A1,Northstar Therapeutics,2022-03-17,2022,phenyl,ASSAY-01-09,=,5.74,primary measurement,44,Brc1ccc(Br)cc1,Brc1ccc(Br)cc1,accepted,1,44,DEMO-101-A1,Northstar Therapeutics,235.906,3.212,0.0,0,0,0,8,1,5.74,1.0,c1ccccc1,S001,C018
DPC0045,Cc1ccc(Br)cc1,DEMO-101-A1,Northstar Therapeutics,2022-03-17,2022,phenyl,ASSAY-01-10,=,5.72,primary measurement,45,Cc1ccc(Br)cc1,Cc1ccc(Br)cc1,accepted,1,45,DEMO-101-A1,Northstar Therapeutics,171.037,2.758,0.0,0,0,0,8,1,5.72,1.0,c1ccccc1,S001,C017
DPC0046,CCc1ccc(Br)cc1,DEMO-101-A1,Northstar Therapeutics,2022-03-17,2022,phenyl,ASSAY-01-11,<,5.76,primary measurement,46,CCc1ccc(Br)cc1,CCc1ccc(Br)cc1,accepted,1,46,DEMO-101-A1,Northstar Therapeutics,185.064,3.012,0.0,0,0,1,9,1,,,c1ccccc1,S001,C005
DPC0047,CCCc1ccc(Br)cc1,DEMO-101-A1,Northstar Therapeutics,2022-03-17,2022,phenyl,ASSAY-01-12,=,5.59,primary measurement,47,CCCc1ccc(Br)cc1,CCCc1ccc(Br)cc1,accepted,1,47,DEMO-101-A1,Northstar Therapeutics,199.091,3.402,0.0,0,0,2,10,1,5.59,1.0,c1ccccc1,S001,C002
DPC0048,COc1ccc(Br)cc1,DEMO-101-A1,Northstar Therapeutics,2022-03-17,2022,phenyl,ASSAY-01-01,=,5.58,primary measurement,48,COc1ccc(Br)cc1,COc1ccc(Br)cc1,accepted,1,48,DEMO-101-A1,Northstar Therapeutics,187.036,2.458,9.23,0,1,1,9,1,5.58,1.0,c1ccccc1,S001,C004
DPC0049,CCOc1ccc(Br)cc1,DEMO-101-A1,Northstar Therapeutics,2022-03-17,2022,phenyl,ASSAY-01-02,=,5.53,primary measurement,49,CCOc1ccc(Br)cc1,CCOc1ccc(Br)cc1,accepted,1,49,DEMO-101-A1,Northstar Therapeutics,201.063,2.848,9.23,0,1,2,10,1,5.53,1.0,c1ccccc1,S001,C001
DPC0050,Nc1ccc(Br)cc1,DEMO-101-A1,Northstar Therapeutics,2022-03-17,2022,phenyl,ASSAY-01-03,=,5.41,primary measurement,50,Nc1ccc(Br)cc1,Nc1ccc(Br)cc1,accepted,1,50,DEMO-101-A1,Northstar Therapeutics,172.025,2.031,26.02,1,1,0,8,1,5.41,1.0,c1ccccc1,S001,C015
DPC0051,CNc1ccc(Br)cc1,DEMO-101-A1,Northstar Therapeutics,2022-03-17,2022,phenyl,ASSAY-01-04,=,5.55,primary measurement,51,CNc1ccc(Br)cc1,CNc1ccc(Br)cc1,accepted,1,51,DEMO-101-A1,Northstar Therapeutics,186.052,2.491,12.03,1,1,1,9,1,5.55,1.0,c1ccccc1,S001,C008
DPC0052,CN(C)c1ccc(Br)cc1,DEMO-101-A1,Northstar Therapeutics,2022-03-17,2022,phenyl,ASSAY-01-05,=,5.74,primary measurement,52,CN(C)c1ccc(Br)cc1,CN(C)c1ccc(Br)cc1,accepted,1,52,DEMO-101-A1,Northstar Therapeutics,200.079,2.515,3.24,0,1,1,10,1,5.74,1.0,c1ccccc1,S001,C007
DPC0053,N#Cc1ccc(Br)cc1,DEMO-101-A1,Northstar Therapeutics,2022-03-17,2022,phenyl,ASSAY-01-06,=,5.91,primary measurement,53,N#Cc1ccc(Br)cc1,N#Cc1ccc(Br)cc1,accepted,1,53,DEMO-101-A1,Northstar Therapeutics,182.02,2.321,23.79,0,1,0,9,1,5.91,1.0,c1ccccc1,S001,C009
DPC0054,FC(F)(F)c1ccc(Br)cc1,DEMO-101-A1,Northstar Therapeutics,2022-03-17,2022,phenyl,ASSAY-01-07,=,5.87,primary measurement,54,FC(F)(F)c1ccc(Br)cc1,FC(F)(F)c1ccc(Br)cc1,accepted,1,54,DEMO-101-A1,Northstar Therapeutics,225.007,3.468,0.0,0,0,0,11,1,5.87,1.0,c1ccccc1,S001,C006
DPC0055,NC(=O)c1ccc(Br)cc1,DEMO-102-A1,Helixbridge Pharma,2022-10-06,2022,phenyl,ASSAY-02-08,=,5.94,primary measurement,55,NC(=O)c1ccc(Br)cc1,NC(=O)c1ccc(Br)cc1,accepted,2,55 | 217,DEMO-101-A1 | DEMO-102-A1,Helixbridge Pharma | Northstar Therapeutics,200.035,1.548,43.09,1,1,1,10,1,5.925000000000001,2.0,c1ccccc1,S001,C003
DPC0056,CNC(=O)c1ccc(Br)cc1,DEMO-102-A1,Helixbridge Pharma,2022-10-06,2022,phenyl,ASSAY-02-09,=,5.9,primary measurement,56,CNC(=O)c1ccc(Br)cc1,CNC(=O)c1ccc(Br)cc1,accepted,2,56 | 218,DEMO-101-A1 | DEMO-102-A1,Helixbridge Pharma | Northstar Therapeutics,214.062,1.809,29.1,1,1,1,11,1,5.94,2.0,c1ccccc1,S001,C010
DPC0057,NS(=O)(=O)c1ccc(Br)cc1,DEMO-102-A1,Helixbridge Pharma,2022-10-06,2022,phenyl,ASSAY-02-10,=,5.7,primary measurement,57,NS(=O)(=O)c1ccc(Br)cc1,NS(=O)(=O)c1ccc(Br)cc1,accepted,2,57 | 219,DEMO-101-A1 | DEMO-102-A1,Helixbridge Pharma | Northstar Therapeutics,236.09,1.097,60.16,1,2,1,11,1,5.75,2.0,c1ccccc1,S001,C014
DPC0058,FC(F)(F)Oc1ccc(Br)cc1,DEMO-102-A1,Helixbridge Pharma,2022-10-06,2022,phenyl,ASSAY-02-11,=,5.69,primary measurement,58,FC(F)(F)Oc1ccc(Br)cc1,FC(F)(F)Oc1ccc(Br)cc1,accepted,2,58 | 220,DEMO-101-A1 | DEMO-102-A1,Helixbridge Pharma | Northstar Therapeutics,241.006,3.348,9.23,0,1,1,12,1,5.695,2.0,c1ccccc1,S001,C013
DPC0059,Brc1ccc(N2CCOCC2)cc1,DEMO-102-A1,Helixbridge Pharma,2022-10-06,2022,phenyl,ASSAY-02-12,=,5.95,primary measurement,59,Brc1ccc(N2CCOCC2)cc1,Brc1ccc(N2CCOCC2)cc1,accepted,2,59 | 221,DEMO-101-A1 | DEMO-102-A1,Helixbridge Pharma | Northstar Therapeutics,242.116,2.286,12.47,0,2,1,13,2,5.890000000000001,2.0,c1ccc(N2CCOCC2)cc1,S002,C011
DPC0060,Brc1ccc(C2CC2)cc1,DEMO-102-A1,Helixbridge Pharma,2022-10-06,2022,phenyl,ASSAY-02-01,=,5.78,primary measurement,60,Brc1ccc(C2CC2)cc1,Brc1ccc(C2CC2)cc1,accepted,2,60 | 222,DEMO-101-A1 | DEMO-102-A1,Helixbridge Pharma | Northstar Therapeutics,197.075,3.327,0.0,0,0,1,10,2,5.78,1.0,c1ccc(C2CC2)cc1,S003,C034
DPC0061,Brc1ccc(C2CCCCC2)cc1,DEMO-102-A1,Helixbridge Pharma,2022-10-06,2022,phenyl,ASSAY-02-02,=,6.04,primary measurement,61,Brc1ccc(C2CCCCC2)cc1,Brc1ccc(C2CCCCC2)cc1,accepted,1,61,DEMO-102-A1,Helixbridge Pharma,239.156,4.497,0.0,0,0,1,13,2,6.04,1.0,c1ccc(C2CCCCC2)cc1,S004,C012
DPC0062,Oc1ccc(Br)cc1,DEMO-102-A1,Helixbridge Pharma,2022-10-06,2022,phenyl,ASSAY-02-03,=,5.93,primary measurement,62,Oc1ccc(Br)cc1,Oc1ccc(Br)cc1,accepted,1,62,DEMO-102-A1,Helixbridge Pharma,173.009,2.155,20.23,1,1,0,8,1,5.93,1.0,c1ccccc1,S001,C018
DPC0063,O=C(O)c1ccc(Br)cc1,DEMO-102-A1,Helixbridge Pharma,2022-10-06,2022,phenyl,ASSAY-02-04,=,5.99,primary measurement,63,O=C(O)c1ccc(Br)cc1,O=C(O)c1ccc(Br)cc1,accepted,1,63,DEMO-102-A1,Helixbridge Pharma,201.019,2.147,37.3,1,1,1,10,1,5.99,1.0,c1ccccc1,S001,C033
DPC0064,Cc1ccc(C)cc1,DEMO-102-A1,Helixbridge Pharma,2022-10-06,2022,phenyl,ASSAY-02-05,=,5.73,primary measurement,64,Cc1ccc(C)cc1,Cc1ccc(C)cc1,accepted,1,64,DEMO-102-A1,Helixbridge Pharma,106.168,2.303,0.0,0,0,0,8,1,5.73,1.0,c1ccccc1,S001,C017
DPC0065,CCc1ccc(C)cc1,DEMO-102-A1,Helixbridge Pharma,2022-10-06,2022,phenyl,ASSAY-02-06,=,5.7,primary measurement,65,CCc1ccc(C)cc1,CCc1ccc(C)cc1,accepted,1,65,DEMO-102-A1,Helixbridge Pharma,120.195,2.557,0.0,0,0,1,9,1,5.7,1.0,c1ccccc1,S001,C005
DPC0066,CCCc1ccc(C)cc1,DEMO-102-A1,Helixbridge Pharma,2022-10-06,2022,phenyl,ASSAY-02-07,=,5.55,primary measurement,66,CCCc1ccc(C)cc1,CCCc1ccc(C)cc1,accepted,1,66,DEMO-102-A1,Helixbridge Pharma,134.222,2.948,0.0,0,0,2,10,1,5.55,1.0,c1ccccc1,S001,C002
DPC0067,COc1ccc(C)cc1,DEMO-102-A1,Helixbridge Pharma,2022-10-06,2022,phenyl,ASSAY-02-08,=,5.65,primary measurement,67,COc1ccc(C)cc1,COc1ccc(C)cc1,accepted,1,67,DEMO-102-A1,Helixbridge Pharma,122.167,2.004,9.23,0,1,1,9,1,5.65,1.0,c1ccccc1,S001,C004
DPC0068,CCOc1ccc(C)cc1,DEMO-102-A1,Helixbridge Pharma,2022-10-06,2022,phenyl,ASSAY-02-09,=,5.76,primary measurement,68,CCOc1ccc(C)cc1,CCOc1ccc(C)cc1,accepted,1,68,DEMO-102-A1,Helixbridge Pharma,136.194,2.394,9.23,0,1,2,10,1,5.76,1.0,c1ccccc1,S001,C001
DPC0069,Cc1ccc(N)cc1,DEMO-102-A1,Helixbridge Pharma,2022-10-06,2022,phenyl,ASSAY-02-10,<,5.76,primary measurement,69,Cc1ccc(N)cc1,Cc1ccc(N)cc1,accepted,1,69,DEMO-102-A1,Helixbridge Pharma,107.156,1.577,26.02,1,1,0,8,1,,,c1ccccc1,S001,C015
DPC0070,CNc1ccc(C)cc1,DEMO-102-A1,Helixbridge Pharma,2022-10-06,2022,phenyl,ASSAY-02-11,=,5.93,primary measurement,70,CNc1ccc(C)cc1,CNc1ccc(C)cc1,accepted,1,70,DEMO-102-A1,Helixbridge Pharma,121.183,2.037,12.03,1,1,1,9,1,5.93,1.0,c1ccccc1,S001,C008
DPC0071,Cc1ccc(N(C)C)cc1,DEMO-102-A1,Helixbridge Pharma,2022-10-06,2022,phenyl,ASSAY-02-12,=,6.03,primary measurement,71,Cc1ccc(N(C)C)cc1,Cc1ccc(N(C)C)cc1,accepted,1,71,DEMO-102-A1,Helixbridge Pharma,135.21,2.061,3.24,0,1,1,10,1,6.03,1.0,c1ccccc1,S001,C007
DPC0072,Cc1ccc(C#N)cc1,DEMO-102-A1,Helixbridge Pharma,2022-10-06,2022,phenyl,ASSAY-02-01,=,6.04,primary measurement,72,Cc1ccc(C#N)cc1,Cc1ccc(C#N)cc1,accepted,1,72,DEMO-102-A1,Helixbridge Pharma,117.151,1.867,23.79,0,1,0,9,1,6.04,1.0,c1ccccc1,S001,C009
DPC0073,Cc1ccc(C(F)(F)F)cc1,DEMO-102-A1,Helixbridge Pharma,2022-10-06,2022,phenyl,ASSAY-02-02,=,5.86,primary measurement,73,Cc1ccc(C(F)(F)F)cc1,Cc1ccc(C(F)(F)F)cc1,accepted,1,73,DEMO-102-A1,Helixbridge Pharma,160.138,3.014,0.0,0,0,0,11,1,5.86,1.0,c1ccccc1,S001,C006
DPC0074,Cc1ccc(C(N)=O)cc1,DEMO-102-A1,Helixbridge Pharma,2022-10-06,2022,phenyl,ASSAY-02-03,>,5.67,primary measurement,74,Cc1ccc(C(N)=O)cc1,Cc1ccc(C(N)=O)cc1,accepted,1,74,DEMO-102-A1,Helixbridge Pharma,135.166,1.094,43.09,1,1,1,10,1,,,c1ccccc1,S001,C003
DPC0075,CNC(=O)c1ccc(C)cc1,DEMO-102-A1,Helixbridge Pharma,2022-10-06,2022,phenyl,ASSAY-02-04,=,5.67,primary measurement,75,CNC(=O)c1ccc(C)cc1,CNC(=O)c1ccc(C)cc1,accepted,1,75,DEMO-102-A1,Helixbridge Pharma,149.193,1.355,29.1,1,1,1,11,1,5.67,1.0,c1ccccc1,S001,C010
DPC0076,Cc1ccc(S(N)(=O)=O)cc1,DEMO-102-A1,Helixbridge Pharma,2022-10-06,2022,phenyl,ASSAY-02-05,=,5.57,primary measurement,76,Cc1ccc(S(N)(=O)=O)cc1,Cc1ccc(S(N)(=O)=O)cc1,accepted,1,76,DEMO-102-A1,Helixbridge Pharma,171.221,0.642,60.16,1,2,1,11,1,5.57,1.0,c1ccccc1,S001,C014
DPC0077,Cc1ccc(OC(F)(F)F)cc1,DEMO-102-A1,Helixbridge Pharma,2022-10-06,2022,phenyl,ASSAY-02-06,=,5.69,primary measurement,77,Cc1ccc(OC(F)(F)F)cc1,Cc1ccc(OC(F)(F)F)cc1,accepted,1,77,DEMO-102-A1,Helixbridge Pharma,176.137,2.894,9.23,0,1,1,12,1,5.69,1.0,c1ccccc1,S001,C013
DPC0078,Cc1ccc(N2CCOCC2)cc1,DEMO-102-A1,Helixbridge Pharma,2022-10-06,2022,phenyl,ASSAY-02-07,=,6.03,primary measurement,78,Cc1ccc(N2CCOCC2)cc1,Cc1ccc(N2CCOCC2)cc1,accepted,1,78,DEMO-102-A1,Helixbridge Pharma,177.247,1.832,12.47,0,2,1,13,2,6.03,1.0,c1ccc(N2CCOCC2)cc1,S002,C011
DPC0079,Cc1ccc(C2CC2)cc1,DEMO-102-A1,Helixbridge Pharma,2022-10-06,2022,phenyl,ASSAY-02-08,=,5.83,primary measurement,79,Cc1ccc(C2CC2)cc1,Cc1ccc(C2CC2)cc1,accepted,1,79,DEMO-102-A1,Helixbridge Pharma,132.206,2.872,0.0,0,0,1,10,2,5.83,1.0,c1ccc(C2CC2)cc1,S003,C012
DPC0080,Cc1ccc(C2CCCCC2)cc1,DEMO-102-A1,Helixbridge Pharma,2022-10-06,2022,phenyl,ASSAY-02-09,=,5.99,primary measurement,80,Cc1ccc(C2CCCCC2)cc1,Cc1ccc(C2CCCCC2)cc1,accepted,1,80,DEMO-102-A1,Helixbridge Pharma,174.287,4.043,0.0,0,0,1,13,2,5.99,1.0,c1ccc(C2CCCCC2)cc1,S004,C012
DPC0081,Cc1ccc(O)cc1,DEMO-102-A1,Helixbridge Pharma,2022-10-06,2022,phenyl,ASSAY-02-10,=,5.73,primary measurement,81,Cc1ccc(O)cc1,Cc1ccc(O)cc1,accepted,1,81,DEMO-102-A1,Helixbridge Pharma,108.14,1.701,20.23,1,1,0,8,1,5.73,1.0,c1ccccc1,S001,C017
DPC0082,Cc1ccc(C(=O)O)cc1,DEMO-102-A1,Helixbridge Pharma,2022-10-06,2022,phenyl,ASSAY-02-11,=,5.69,primary measurement,82,Cc1ccc(C(=O)O)cc1,Cc1ccc(C(=O)O)cc1,accepted,1,82,DEMO-102-A1,Helixbridge Pharma,136.15,1.693,37.3,1,1,1,10,1,5.69,1.0,c1ccccc1,S001,C032
DPC0083,CCc1ccc(CC)cc1,DEMO-102-A1,Helixbridge Pharma,2022-10-06,2022,phenyl,ASSAY-02-12,=,5.66,primary measurement,83,CCc1ccc(CC)cc1,CCc1ccc(CC)cc1,accepted,1,83,DEMO-102-A1,Helixbridge Pharma,134.222,2.811,0.0,0,0,2,10,1,5.66,1.0,c1ccccc1,S001,C005
DPC0084,CCCc1ccc(CC)cc1,DEMO-102-A1,Helixbridge Pharma,2022-10-06,2022,phenyl,ASSAY-02-01,=,5.59,primary measurement,84,CCCc1ccc(CC)cc1,CCCc1ccc(CC)cc1,accepted,1,84,DEMO-102-A1,Helixbridge Pharma,148.249,3.202,0.0,0,0,3,11,1,5.59,1.0,c1ccccc1,S001,C002
DPC0085,CCc1ccc(OC)cc1,DEMO-102-A1,Helixbridge Pharma,2022-10-06,2022,phenyl,ASSAY-02-02,=,5.78,primary measurement,85,CCc1ccc(OC)cc1,CCc1ccc(OC)cc1,accepted,1,85,DEMO-102-A1,Helixbridge Pharma,136.194,2.258,9.23,0,1,2,10,1,5.78,1.0,c1ccccc1,S001,C004
DPC0086,CCOc1ccc(CC)cc1,DEMO-102-A1,Helixbridge Pharma,2022-10-06,2022,phenyl,ASSAY-02-03,=,5.96,primary measurement,86,CCOc1ccc(CC)cc1,CCOc1ccc(CC)cc1,accepted,1,86,DEMO-102-A1,Helixbridge Pharma,150.221,2.648,9.23,0,1,3,11,1,5.96,1.0,c1ccccc1,S001,C001
DPC0087,CCc1ccc(N)cc1,DEMO-102-A1,Helixbridge Pharma,2022-10-06,2022,phenyl,ASSAY-02-04,=,5.98,primary measurement,87,CCc1ccc(N)cc1,CCc1ccc(N)cc1,accepted,1,87,DEMO-102-A1,Helixbridge Pharma,121.183,1.831,26.02,1,1,1,9,1,5.98,1.0,c1ccccc1,S001,C005
DPC0088,CCc1ccc(NC)cc1,DEMO-102-A1,Helixbridge Pharma,2022-10-06,2022,phenyl,ASSAY-02-05,=,6.11,primary measurement,88,CCc1ccc(NC)cc1,CCc1ccc(NC)cc1,accepted,1,88,DEMO-102-A1,Helixbridge Pharma,135.21,2.291,12.03,1,1,2,10,1,6.11,1.0,c1ccccc1,S001,C005
DPC0089,CCc1ccc(N(C)C)cc1,DEMO-102-A1,Helixbridge Pharma,2022-10-06,2022,phenyl,ASSAY-02-06,=,6.16,primary measurement,89,CCc1ccc(N(C)C)cc1,CCc1ccc(N(C)C)cc1,accepted,1,89,DEMO-102-A1,Helixbridge Pharma,149.237,2.315,3.24,0,1,2,11,1,6.16,1.0,c1ccccc1,S001,C005
DPC0090,CCc1ccc(C#N)cc1,DEMO-102-A1,Helixbridge Pharma,2022-10-06,2022,phenyl,ASSAY-02-07,=,6.12,primary measurement,90,CCc1ccc(C#N)cc1,CCc1ccc(C#N)cc1,accepted,1,90,DEMO-102-A1,Helixbridge Pharma,131.178,2.121,23.79,0,1,1,10,1,6.12,1.0,c1ccccc1,S001,C005
DPC0091,CCc1ccc(C(F)(F)F)cc1,DEMO-102-A1,Helixbridge Pharma,2022-10-06,2022,phenyl,ASSAY-02-08,=,5.92,primary measurement,91,CCc1ccc(C(F)(F)F)cc1,CCc1ccc(C(F)(F)F)cc1,accepted,1,91,DEMO-102-A1,Helixbridge Pharma,174.165,3.268,0.0,0,0,1,12,1,5.92,1.0,c1ccccc1,S001,C005
DPC0092,CCc1ccc(C(N)=O)cc1,DEMO-102-A1,Helixbridge Pharma,2022-10-06,2022,phenyl,ASSAY-02-09,<,5.76,primary measurement,92,CCc1ccc(C(N)=O)cc1,CCc1ccc(C(N)=O)cc1,accepted,1,92,DEMO-102-A1,Helixbridge Pharma,149.193,1.348,43.09,1,1,2,11,1,,,c1ccccc1,S001,C003
DPC0093,CCc1ccc(C(=O)NC)cc1,DEMO-102-A1,Helixbridge Pharma,2022-10-06,2022,phenyl,ASSAY-02-10,=,5.81,primary measurement,93,CCc1ccc(C(=O)NC)cc1,CCc1ccc(C(=O)NC)cc1,accepted,1,93,DEMO-102-A1,Helixbridge Pharma,163.22,1.609,29.1,1,1,2,12,1,5.81,1.0,c1ccccc1,S001,C010
DPC0094,CCc1ccc(S(N)(=O)=O)cc1,DEMO-102-A1,Helixbridge Pharma,2022-10-06,2022,phenyl,ASSAY-02-11,=,5.76,primary measurement,94,CCc1ccc(S(N)(=O)=O)cc1,CCc1ccc(S(N)(=O)=O)cc1,accepted,1,94,DEMO-102-A1,Helixbridge Pharma,185.248,0.896,60.16,1,2,2,12,1,5.76,1.0,c1ccccc1,S001,C014
DPC0095,CCc1ccc(OC(F)(F)F)cc1,DEMO-102-A1,Helixbridge Pharma,2022-10-06,2022,phenyl,ASSAY-02-12,=,5.88,primary measurement,95,CCc1ccc(OC(F)(F)F)cc1,CCc1ccc(OC(F)(F)F)cc1,accepted,1,95,DEMO-102-A1,Helixbridge Pharma,190.164,3.148,9.23,0,1,2,13,1,5.88,1.0,c1ccccc1,S001,C013
DPC0096,CCc1ccc(N2CCOCC2)cc1,DEMO-102-A1,Helixbridge Pharma,2022-10-06,2022,phenyl,ASSAY-02-01,=,6.18,primary measurement,96,CCc1ccc(N2CCOCC2)cc1,CCc1ccc(N2CCOCC2)cc1,accepted,1,96,DEMO-102-A1,Helixbridge Pharma,191.274,2.086,12.47,0,2,2,14,2,6.18,1.0,c1ccc(N2CCOCC2)cc1,S002,C011
DPC0097,CCc1ccc(C2CC2)cc1,DEMO-102-A1,Helixbridge Pharma,2022-10-06,2022,phenyl,ASSAY-02-02,=,5.9,primary measurement,97,CCc1ccc(C2CC2)cc1,CCc1ccc(C2CC2)cc1,accepted,1,97,DEMO-102-A1,Helixbridge Pharma,146.233,3.126,0.0,0,0,2,11,2,5.9,1.0,c1ccc(C2CC2)cc1,S003,C005
DPC0098,CCc1ccc(C2CCCCC2)cc1,DEMO-102-A1,Helixbridge Pharma,2022-10-06,2022,phenyl,ASSAY-02-03,=,5.96,primary measurement,98,CCc1ccc(C2CCCCC2)cc1,CCc1ccc(C2CCCCC2)cc1,accepted,1,98,DEMO-102-A1,Helixbridge Pharma,188.314,4.297,0.0,0,0,2,14,2,5.96,1.0,c1ccc(C2CCCCC2)cc1,S004,C012
DPC0099,CCc1ccc(O)cc1,DEMO-102-A1,Helixbridge Pharma,2022-10-06,2022,phenyl,ASSAY-02-04,=,5.66,primary measurement,99,CCc1ccc(O)cc1,CCc1ccc(O)cc1,accepted,1,99,DEMO-102-A1,Helixbridge Pharma,122.167,1.955,20.23,1,1,1,9,1,5.66,1.0,c1ccccc1,S001,C005
DPC0100,CCc1ccc(C(=O)O)cc1,DEMO-102-A1,Helixbridge Pharma,2022-10-06,2022,phenyl,ASSAY-02-05,=,5.61,primary measurement,100,CCc1ccc(C(=O)O)cc1,CCc1ccc(C(=O)O)cc1,accepted,1,100,DEMO-102-A1,Helixbridge Pharma,150.177,1.947,37.3,1,1,2,11,1,5.61,1.0,c1ccccc1,S001,C005
DPC0101,CCCc1ccc(CCC)cc1,DEMO-102-A1,Helixbridge Pharma,2022-10-06,2022,phenyl,ASSAY-02-06,=,5.44,primary measurement,101,CCCc1ccc(CCC)cc1,CCCc1ccc(CCC)cc1,accepted,1,101,DEMO-102-A1,Helixbridge Pharma,162.276,3.592,0.0,0,0,4,12,1,5.44,1.0,c1ccccc1,S001,C002
DPC0102,CCCc1ccc(OC)cc1,DEMO-102-A1,Helixbridge Pharma,2022-10-06,2022,phenyl,ASSAY-02-07,=,5.62,primary measurement,102,CCCc1ccc(OC)cc1,CCCc1ccc(OC)cc1,accepted,1,102,DEMO-102-A1,Helixbridge Pharma,150.221,2.648,9.23,0,1,3,11,1,5.62,1.0,c1ccccc1,S001,C002
DPC0103,CCCc1ccc(OCC)cc1,DEMO-102-A1,Helixbridge Pharma,2022-10-06,2022,phenyl,ASSAY-02-08,=,5.81,primary measurement,103,CCCc1ccc(OCC)cc1,CCCc1ccc(OCC)cc1,accepted,1,103,DEMO-102-A1,Helixbridge Pharma,164.248,3.038,9.23,0,1,4,12,1,5.81,1.0,c1ccccc1,S001,C001
DPC0104,CCCc1ccc(N)cc1,DEMO-102-A1,Helixbridge Pharma,2022-10-06,2022,phenyl,ASSAY-02-09,=,5.85,primary measurement,104,CCCc1ccc(N)cc1,CCCc1ccc(N)cc1,accepted,1,104,DEMO-102-A1,Helixbridge Pharma,135.21,2.221,26.02,1,1,2,10,1,5.85,1.0,c1ccccc1,S001,C002
DPC0105,CCCc1ccc(NC)cc1,DEMO-102-A1,Helixbridge Pharma,2022-10-06,2022,phenyl,ASSAY-02-10,=,6.03,primary measurement,105,CCCc1ccc(NC)cc1,CCCc1ccc(NC)cc1,accepted,1,105,DEMO-102-A1,Helixbridge Pharma,149.237,2.681,12.03,1,1,3,11,1,6.03,1.0,c1ccccc1,S001,C002
DPC0106,CCCc1ccc(N(C)C)cc1,DEMO-102-A1,Helixbridge Pharma,2022-10-06,2022,phenyl,ASSAY-02-11,=,6.12,primary measurement,106,CCCc1ccc(N(C)C)cc1,CCCc1ccc(N(C)C)cc1,accepted,1,106,DEMO-102-A1,Helixbridge Pharma,163.264,2.705,3.24,0,1,3,12,1,6.12,1.0,c1ccccc1,S001,C002
DPC0107,CCCc1ccc(C#N)cc1,DEMO-102-A1,Helixbridge Pharma,2022-10-06,2022,phenyl,ASSAY-02-12,=,6.12,primary measurement,107,CCCc1ccc(C#N)cc1,CCCc1ccc(C#N)cc1,accepted,1,107,DEMO-102-A1,Helixbridge Pharma,145.205,2.511,23.79,0,1,2,11,1,6.12,1.0,c1ccccc1,S001,C002
DPC0108,CCCc1ccc(C(F)(F)F)cc1,DEMO-102-A1,Helixbridge Pharma,2022-10-06,2022,phenyl,ASSAY-02-01,=,5.95,primary measurement,108,CCCc1ccc(C(F)(F)F)cc1,CCCc1ccc(C(F)(F)F)cc1,accepted,1,108,DEMO-102-A1,Helixbridge Pharma,188.192,3.658,0.0,0,0,2,13,1,5.95,1.0,c1ccccc1,S001,C002
DPC0109,CCCc1ccc(C(N)=O)cc1,DEMO-103-A1,Kestrel BioDiscovery,2023-07-13,2023,phenyl,ASSAY-03-02,=,5.94,primary measurement,109,CCCc1ccc(C(N)=O)cc1,CCCc1ccc(C(N)=O)cc1,accepted,2,109 | 223,DEMO-102-A1 | DEMO-103-A1,Helixbridge Pharma | Kestrel BioDiscovery,163.22,1.738,43.09,1,1,3,12,1,5.82,2.0,c1ccccc1,S001,C002
DPC0110,CCCc1ccc(C(=O)NC)cc1,DEMO-103-A1,Kestrel BioDiscovery,2023-07-13,2023,phenyl,ASSAY-03-03,=,5.98,primary measurement,110,CCCc1ccc(C(=O)NC)cc1,CCCc1ccc(C(=O)NC)cc1,accepted,2,110 | 224,DEMO-102-A1 | DEMO-103-A1,Helixbridge Pharma | Kestrel BioDiscovery,177.247,1.999,29.1,1,1,3,13,1,5.93,2.0,c1ccccc1,S001,C022
DPC0111,CCCc1ccc(S(N)(=O)=O)cc1,DEMO-103-A1,Kestrel BioDiscovery,2023-07-13,2023,phenyl,ASSAY-03-04,>,5.92,primary measurement,111,CCCc1ccc(S(N)(=O)=O)cc1,CCCc1ccc(S(N)(=O)=O)cc1,accepted,2,111 | 225,DEMO-102-A1 | DEMO-103-A1,Helixbridge Pharma | Kestrel BioDiscovery,199.275,1.287,60.16,1,2,3,13,1,5.89,1.0,c1ccccc1,S001,C002
DPC0112,CCCc1ccc(OC(F)(F)F)cc1,DEMO-103-A1,Kestrel BioDiscovery,2023-07-13,2023,phenyl,ASSAY-03-05,=,6.04,primary measurement,112,CCCc1ccc(OC(F)(F)F)cc1,CCCc1ccc(OC(F)(F)F)cc1,accepted,2,112 | 226,DEMO-102-A1 | DEMO-103-A1,Helixbridge Pharma | Kestrel BioDiscovery,204.191,3.538,9.23,0,1,3,14,1,6.0,2.0,c1ccccc1,S001,C016
DPC0113,CCCc1ccc(N2CCOCC2)cc1,DEMO-103-A1,Kestrel BioDiscovery,2023-07-13,2023,phenyl,ASSAY-03-06,=,6.34,primary measurement,113,CCCc1ccc(N2CCOCC2)cc1,CCCc1ccc(N2CCOCC2)cc1,accepted,2,113 | 227,DEMO-102-A1 | DEMO-103-A1,Helixbridge Pharma | Kestrel BioDiscovery,205.301,2.476,12.47,0,2,3,15,2,6.24,2.0,c1ccc(N2CCOCC2)cc1,S002,C024
DPC0114,CCCc1ccc(C2CC2)cc1,DEMO-103-A1,Kestrel BioDiscovery,2023-07-13,2023,phenyl,ASSAY-03-07,=,6.06,primary measurement,114,CCCc1ccc(C2CC2)cc1,CCCc1ccc(C2CC2)cc1,accepted,2,114 | 228,DEMO-102-A1 | DEMO-103-A1,Helixbridge Pharma | Kestrel BioDiscovery,160.26,3.517,0.0,0,0,3,12,2,5.904999999999999,2.0,c1ccc(C2CC2)cc1,S003,C002
DPC0115,CCCc1ccc(C2CCCCC2)cc1,DEMO-103-A1,Kestrel BioDiscovery,2023-07-13,2023,phenyl,ASSAY-03-08,<,6.12,primary measurement,115,CCCc1ccc(C2CCCCC2)cc1,CCCc1ccc(C2CCCCC2)cc1,accepted,1,115,DEMO-103-A1,Kestrel BioDiscovery,202.341,4.687,0.0,0,0,3,15,2,,,c1ccc(C2CCCCC2)cc1,S004,C012
DPC0116,CCCc1ccc(O)cc1,DEMO-103-A1,Kestrel BioDiscovery,2023-07-13,2023,phenyl,ASSAY-03-09,=,5.8,primary measurement,116,CCCc1ccc(O)cc1,CCCc1ccc(O)cc1,accepted,1,116,DEMO-103-A1,Kestrel BioDiscovery,136.194,2.345,20.23,1,1,2,10,1,5.8,1.0,c1ccccc1,S001,C002
DPC0117,CCCc1ccc(C(=O)O)cc1,DEMO-103-A1,Kestrel BioDiscovery,2023-07-13,2023,phenyl,ASSAY-03-10,=,5.71,primary measurement,117,CCCc1ccc(C(=O)O)cc1,CCCc1ccc(C(=O)O)cc1,accepted,1,117,DEMO-103-A1,Kestrel BioDiscovery,164.204,2.337,37.3,1,1,3,12,1,5.71,1.0,c1ccccc1,S001,C002
DPC0118,COc1ccc(OC)cc1,DEMO-103-A1,Kestrel BioDiscovery,2023-07-13,2023,phenyl,ASSAY-03-11,=,5.81,primary measurement,118,COc1ccc(OC)cc1,COc1ccc(OC)cc1,accepted,1,118,DEMO-103-A1,Kestrel BioDiscovery,138.166,1.704,18.46,0,2,2,10,1,5.81,1.0,c1ccccc1,S001,C004
DPC0119,CCOc1ccc(OC)cc1,DEMO-103-A1,Kestrel BioDiscovery,2023-07-13,2023,phenyl,ASSAY-03-12,=,5.88,primary measurement,119,CCOc1ccc(OC)cc1,CCOc1ccc(OC)cc1,accepted,1,119,DEMO-103-A1,Kestrel BioDiscovery,152.193,2.094,18.46,0,2,3,11,1,5.88,1.0,c1ccccc1,S001,C001
DPC0120,COc1ccc(N)cc1,DEMO-103-A1,Kestrel BioDiscovery,2023-07-13,2023,phenyl,ASSAY-03-01,=,5.87,primary measurement,120,COc1ccc(N)cc1,COc1ccc(N)cc1,accepted,1,120,DEMO-103-A1,Kestrel BioDiscovery,123.155,1.277,35.25,1,2,1,9,1,5.87,1.0,c1ccccc1,S001,C004
DPC0121,CNc1ccc(OC)cc1,DEMO-103-A1,Kestrel BioDiscovery,2023-07-13,2023,phenyl,ASSAY-03-02,=,6.08,primary measurement,121,CNc1ccc(OC)cc1,CNc1ccc(OC)cc1,accepted,1,121,DEMO-103-A1,Kestrel BioDiscovery,137.182,1.737,21.26,1,2,2,10,1,6.08,1.0,c1ccccc1,S001,C004
DPC0122,COc1ccc(N(C)C)cc1,DEMO-103-A1,Kestrel BioDiscovery,2023-07-13,2023,phenyl,ASSAY-03-03,=,6.27,primary measurement,122,COc1ccc(N(C)C)cc1,COc1ccc(N(C)C)cc1,accepted,1,122,DEMO-103-A1,Kestrel BioDiscovery,151.209,1.761,12.47,0,2,2,11,1,6.27,1.0,c1ccccc1,S001,C004
DPC0123,COc1ccc(C#N)cc1,DEMO-103-A1,Kestrel BioDiscovery,2023-07-13,2023,phenyl,ASSAY-03-04,=,6.38,primary measurement,123,COc1ccc(C#N)cc1,COc1ccc(C#N)cc1,accepted,1,123,DEMO-103-A1,Kestrel BioDiscovery,133.15,1.567,33.02,0,2,1,10,1,6.38,1.0,c1ccccc1,S001,C004
DPC0124,COc1ccc(C(F)(F)F)cc1,DEMO-103-A1,Kestrel BioDiscovery,2023-07-13,2023,phenyl,ASSAY-03-05,=,6.27,primary measurement,124,COc1ccc(C(F)(F)F)cc1,COc1ccc(C(F)(F)F)cc1,accepted,1,124,DEMO-103-A1,Kestrel BioDiscovery,176.137,2.714,9.23,0,1,1,12,1,6.27,1.0,c1ccccc1,S001,C004
DPC0125,COc1ccc(C(N)=O)cc1,DEMO-103-A1,Kestrel BioDiscovery,2023-07-13,2023,phenyl,ASSAY-03-06,=,6.13,primary measurement,125,COc1ccc(C(N)=O)cc1,COc1ccc(C(N)=O)cc1,accepted,1,125,DEMO-103-A1,Kestrel BioDiscovery,151.165,0.794,52.32,1,2,2,11,1,6.13,1.0,c1ccccc1,S001,C003
DPC0126,CNC(=O)c1ccc(OC)cc1,DEMO-103-A1,Kestrel BioDiscovery,2023-07-13,2023,phenyl,ASSAY-03-07,=,6.11,primary measurement,126,CNC(=O)c1ccc(OC)cc1,CNC(=O)c1ccc(OC)cc1,accepted,1,126,DEMO-103-A1,Kestrel BioDiscovery,165.192,1.055,38.33,1,2,2,12,1,6.11,1.0,c1ccccc1,S001,C010
DPC0127,COc1ccc(S(N)(=O)=O)cc1,DEMO-103-A1,Kestrel BioDiscovery,2023-07-13,2023,phenyl,ASSAY-03-08,=,5.98,primary measurement,127,COc1ccc(S(N)(=O)=O)cc1,COc1ccc(S(N)(=O)=O)cc1,accepted,1,127,DEMO-103-A1,Kestrel BioDiscovery,187.22,0.343,69.39,1,3,2,12,1,5.98,1.0,c1ccccc1,S001,C014
DPC0128,COc1ccc(OC(F)(F)F)cc1,DEMO-103-A1,Kestrel BioDiscovery,2023-07-13,2023,phenyl,ASSAY-03-09,=,6.06,primary measurement,128,COc1ccc(OC(F)(F)F)cc1,COc1ccc(OC(F)(F)F)cc1,accepted,1,128,DEMO-103-A1,Kestrel BioDiscovery,192.136,2.594,18.46,0,2,2,13,1,6.06,1.0,c1ccccc1,S001,C004
DPC0129,COc1ccc(N2CCOCC2)cc1,DEMO-103-A1,Kestrel BioDiscovery,2023-07-13,2023,phenyl,ASSAY-03-10,=,6.39,primary measurement,129,COc1ccc(N2CCOCC2)cc1,COc1ccc(N2CCOCC2)cc1,accepted,1,129,DEMO-103-A1,Kestrel BioDiscovery,193.246,1.532,21.7,0,3,2,14,2,6.39,1.0,c1ccc(N2CCOCC2)cc1,S002,C011
DPC0130,COc1ccc(C2CC2)cc1,DEMO-103-A1,Kestrel BioDiscovery,2023-07-13,2023,phenyl,ASSAY-03-11,=,6.21,primary measurement,130,COc1ccc(C2CC2)cc1,COc1ccc(C2CC2)cc1,accepted,1,130,DEMO-103-A1,Kestrel BioDiscovery,148.205,2.573,9.23,0,1,2,11,2,6.21,1.0,c1ccc(C2CC2)cc1,S003,C004
DPC0131,COc1ccc(C2CCCCC2)cc1,DEMO-103-A1,Kestrel BioDiscovery,2023-07-13,2023,phenyl,ASSAY-03-12,=,6.39,primary measurement,131,COc1ccc(C2CCCCC2)cc1,COc1ccc(C2CCCCC2)cc1,accepted,1,131,DEMO-103-A1,Kestrel BioDiscovery,190.286,3.743,9.23,0,1,2,14,2,6.39,1.0,c1ccc(C2CCCCC2)cc1,S004,C012
DPC0132,COc1ccc(O)cc1,DEMO-103-A1,Kestrel BioDiscovery,2023-07-13,2023,phenyl,ASSAY-03-01,=,6.16,primary measurement,132,COc1ccc(O)cc1,COc1ccc(O)cc1,accepted,1,132,DEMO-103-A1,Kestrel BioDiscovery,124.139,1.401,29.46,1,2,1,9,1,6.16,1.0,c1ccccc1,S001,C004
DPC0133,COc1ccc(C(=O)O)cc1,DEMO-103-A1,Kestrel BioDiscovery,2023-07-13,2023,phenyl,ASSAY-03-02,=,6.1,primary measurement,133,COc1ccc(C(=O)O)cc1,COc1ccc(C(=O)O)cc1,accepted,1,133,DEMO-103-A1,Kestrel BioDiscovery,152.149,1.393,46.53,1,2,2,11,1,6.1,1.0,c1ccccc1,S001,C004
DPC0134,CCOc1ccc(OCC)cc1,DEMO-103-A1,Kestrel BioDiscovery,2023-07-13,2023,phenyl,ASSAY-03-03,=,6.13,primary measurement,134,CCOc1ccc(OCC)cc1,CCOc1ccc(OCC)cc1,accepted,1,134,DEMO-103-A1,Kestrel BioDiscovery,166.22,2.484,18.46,0,2,4,12,1,6.13,1.0,c1ccccc1,S001,C001
DPC0135,CCOc1ccc(N)cc1,DEMO-103-A1,Kestrel BioDiscovery,2023-07-13,2023,phenyl,ASSAY-03-04,=,5.92,primary measurement,135,CCOc1ccc(N)cc1,CCOc1ccc(N)cc1,accepted,1,135,DEMO-103-A1,Kestrel BioDiscovery,137.182,1.667,35.25,1,2,2,10,1,5.92,1.0,c1ccccc1,S001,C001
DPC0136,CCOc1ccc(NC)cc1,DEMO-103-A1,Kestrel BioDiscovery,2023-07-13,2023,phenyl,ASSAY-03-05,=,5.98,primary measurement,136,CCOc1ccc(NC)cc1,CCOc1ccc(NC)cc1,accepted,1,136,DEMO-103-A1,Kestrel BioDiscovery,151.209,2.127,21.26,1,2,3,11,1,5.98,1.0,c1ccccc1,S001,C001
DPC0137,CCOc1ccc(N(C)C)cc1,DEMO-103-A1,Kestrel BioDiscovery,2023-07-13,2023,phenyl,ASSAY-03-06,=,6.11,primary measurement,137,CCOc1ccc(N(C)C)cc1,CCOc1ccc(N(C)C)cc1,accepted,1,137,DEMO-103-A1,Kestrel BioDiscovery,165.236,2.151,12.47,0,2,3,12,1,6.11,1.0,c1ccccc1,S001,C001
DPC0138,CCOc1ccc(C#N)cc1,DEMO-103-A1,Kestrel BioDiscovery,2023-07-13,2023,phenyl,ASSAY-03-07,<,6.29,primary measurement,138,CCOc1ccc(C#N)cc1,CCOc1ccc(C#N)cc1,accepted,1,138,DEMO-103-A1,Kestrel BioDiscovery,147.177,1.957,33.02,0,2,2,11,1,,,c1ccccc1,S001,C001
DPC0139,CCOc1ccc(C(F)(F)F)cc1,DEMO-103-A1,Kestrel BioDiscovery,2023-07-13,2023,phenyl,ASSAY-03-08,=,6.32,primary measurement,139,CCOc1ccc(C(F)(F)F)cc1,CCOc1ccc(C(F)(F)F)cc1,accepted,1,139,DEMO-103-A1,Kestrel BioDiscovery,190.164,3.104,9.23,0,1,2,13,1,6.32,1.0,c1ccccc1,S001,C001
DPC0140,CCOc1ccc(C(N)=O)cc1,DEMO-103-A1,Kestrel BioDiscovery,2023-07-13,2023,phenyl,ASSAY-03-09,=,6.29,primary measurement,140,CCOc1ccc(C(N)=O)cc1,CCOc1ccc(C(N)=O)cc1,accepted,1,140,DEMO-103-A1,Kestrel BioDiscovery,165.192,1.184,52.32,1,2,3,12,1,6.29,1.0,c1ccccc1,S001,C001
DPC0141,CCOc1ccc(C(=O)NC)cc1,DEMO-103-A1,Kestrel BioDiscovery,2023-07-13,2023,phenyl,ASSAY-03-10,=,6.31,primary measurement,141,CCOc1ccc(C(=O)NC)cc1,CCOc1ccc(C(=O)NC)cc1,accepted,1,141,DEMO-103-A1,Kestrel BioDiscovery,179.219,1.445,38.33,1,2,3,13,1,6.31,1.0,c1ccccc1,S001,C021
DPC0142,CCOc1ccc(S(N)(=O)=O)cc1,DEMO-103-A1,Kestrel BioDiscovery,2023-07-13,2023,phenyl,ASSAY-03-11,=,6.09,primary measurement,142,CCOc1ccc(S(N)(=O)=O)cc1,CCOc1ccc(S(N)(=O)=O)cc1,accepted,1,142,DEMO-103-A1,Kestrel BioDiscovery,201.247,0.733,69.39,1,3,3,13,1,6.09,1.0,c1ccccc1,S001,C001
DPC0143,CCOc1ccc(OC(F)(F)F)cc1,DEMO-103-A1,Kestrel BioDiscovery,2023-07-13,2023,phenyl,ASSAY-03-12,=,6.0,primary measurement,143,CCOc1ccc(OC(F)(F)F)cc1,CCOc1ccc(OC(F)(F)F)cc1,accepted,1,143,DEMO-103-A1,Kestrel BioDiscovery,206.163,2.984,18.46,0,2,3,14,1,6.0,1.0,c1ccccc1,S001,C001
DPC0144,CCOc1ccc(N2CCOCC2)cc1,DEMO-103-A1,Kestrel BioDiscovery,2023-07-13,2023,phenyl,ASSAY-03-01,=,6.17,primary measurement,144,CCOc1ccc(N2CCOCC2)cc1,CCOc1ccc(N2CCOCC2)cc1,accepted,1,144,DEMO-103-A1,Kestrel BioDiscovery,207.273,1.922,21.7,0,3,3,15,2,6.17,1.0,c1ccc(N2CCOCC2)cc1,S002,C024
DPC0145,CCOc1ccc(C2CC2)cc1,DEMO-103-A1,Kestrel BioDiscovery,2023-07-13,2023,phenyl,ASSAY-03-02,=,5.92,primary measurement,145,CCOc1ccc(C2CC2)cc1,CCOc1ccc(C2CC2)cc1,accepted,1,145,DEMO-103-A1,Kestrel BioDiscovery,162.232,2.963,9.23,0,1,3,12,2,5.92,1.0,c1ccc(C2CC2)cc1,S003,C001
DPC0146,CCOc1ccc(C2CCCCC2)cc1,DEMO-103-A1,Kestrel BioDiscovery,2023-07-13,2023,phenyl,ASSAY-03-03,=,6.16,primary measurement,146,CCOc1ccc(C2CCCCC2)cc1,CCOc1ccc(C2CCCCC2)cc1,accepted,1,146,DEMO-103-A1,Kestrel BioDiscovery,204.313,4.133,9.23,0,1,3,15,2,6.16,1.0,c1ccc(C2CCCCC2)cc1,S004,C023
DPC0147,CCOc1ccc(O)cc1,DEMO-103-A1,Kestrel BioDiscovery,2023-07-13,2023,phenyl,ASSAY-03-04,=,6.11,primary measurement,147,CCOc1ccc(O)cc1,CCOc1ccc(O)cc1,accepted,1,147,DEMO-103-A1,Kestrel BioDiscovery,138.166,1.791,29.46,1,2,2,10,1,6.11,1.0,c1ccccc1,S001,C001
DPC0148,CCOc1ccc(C(=O)O)cc1,DEMO-103-A1,Kestrel BioDiscovery,2023-07-13,2023,phenyl,ASSAY-03-05,>,6.26,primary measurement,148,CCOc1ccc(C(=O)O)cc1,CCOc1ccc(C(=O)O)cc1,accepted,1,148,DEMO-103-A1,Kestrel BioDiscovery,166.176,1.783,46.53,1,2,3,12,1,,,c1ccccc1,S001,C001
DPC0149,Nc1ccc(N)cc1,DEMO-103-A1,Kestrel BioDiscovery,2023-07-13,2023,phenyl,ASSAY-03-06,=,6.18,primary measurement,149,Nc1ccc(N)cc1,Nc1ccc(N)cc1,accepted,1,149,DEMO-103-A1,Kestrel BioDiscovery,108.144,0.851,52.04,2,2,0,8,1,6.18,1.0,c1ccccc1,S001,C015
DPC0150,CNc1ccc(N)cc1,DEMO-103-A1,Kestrel BioDiscovery,2023-07-13,2023,phenyl,ASSAY-03-07,=,6.2,primary measurement,150,CNc1ccc(N)cc1,CNc1ccc(N)cc1,accepted,1,150,DEMO-103-A1,Kestrel BioDiscovery,122.171,1.31,38.05,2,2,1,9,1,6.2,1.0,c1ccccc1,S001,C008
DPC0151,CN(C)c1ccc(N)cc1,DEMO-103-A1,Kestrel BioDiscovery,2023-07-13,2023,phenyl,ASSAY-03-08,=,6.16,primary measurement,151,CN(C)c1ccc(N)cc1,CN(C)c1ccc(N)cc1,accepted,1,151,DEMO-103-A1,Kestrel BioDiscovery,136.198,1.335,29.26,1,2,1,10,1,6.16,1.0,c1ccccc1,S001,C007
DPC0152,N#Cc1ccc(N)cc1,DEMO-103-A1,Kestrel BioDiscovery,2023-07-13,2023,phenyl,ASSAY-03-09,=,6.15,primary measurement,152,N#Cc1ccc(N)cc1,N#Cc1ccc(N)cc1,accepted,1,152,DEMO-103-A1,Kestrel BioDiscovery,118.139,1.14,49.81,1,2,0,9,1,6.15,1.0,c1ccccc1,S001,C009
DPC0153,Nc1ccc(C(F)(F)F)cc1,DEMO-103-A1,Kestrel BioDiscovery,2023-07-13,2023,phenyl,ASSAY-03-10,=,6.06,primary measurement,153,Nc1ccc(C(F)(F)F)cc1,Nc1ccc(C(F)(F)F)cc1,accepted,1,153,DEMO-103-A1,Kestrel BioDiscovery,161.126,2.288,26.02,1,1,0,11,1,6.06,1.0,c1ccccc1,S001,C006
DPC0154,NC(=O)c1ccc(N)cc1,DEMO-103-A1,Kestrel BioDiscovery,2023-07-13,2023,phenyl,ASSAY-03-11,=,6.06,primary measurement,154,NC(=O)c1ccc(N)cc1,NC(=O)c1ccc(N)cc1,accepted,1,154,DEMO-103-A1,Kestrel BioDiscovery,136.154,0.368,69.11,2,2,1,10,1,6.06,1.0,c1ccccc1,S001,C003
DPC0155,CNC(=O)c1ccc(N)cc1,DEMO-103-A1,Kestrel BioDiscovery,2023-07-13,2023,phenyl,ASSAY-03-12,=,6.22,primary measurement,155,CNC(=O)c1ccc(N)cc1,CNC(=O)c1ccc(N)cc1,accepted,1,155,DEMO-103-A1,Kestrel BioDiscovery,150.181,0.628,55.12,2,2,1,11,1,6.22,1.0,c1ccccc1,S001,C010
DPC0156,Nc1ccc(S(N)(=O)=O)cc1,DEMO-103-A1,Kestrel BioDiscovery,2023-07-13,2023,phenyl,ASSAY-03-01,=,6.2,primary measurement,156,Nc1ccc(S(N)(=O)=O)cc1,Nc1ccc(S(N)(=O)=O)cc1,accepted,1,156,DEMO-103-A1,Kestrel BioDiscovery,172.209,-0.084,86.18,2,3,1,11,1,6.2,1.0,c1ccccc1,S001,C014
DPC0157,Nc1ccc(OC(F)(F)F)cc1,DEMO-103-A1,Kestrel BioDiscovery,2023-07-13,2023,phenyl,ASSAY-03-02,=,6.25,primary measurement,157,Nc1ccc(OC(F)(F)F)cc1,Nc1ccc(OC(F)(F)F)cc1,accepted,1,157,DEMO-103-A1,Kestrel BioDiscovery,177.125,2.167,35.25,1,2,1,12,1,6.25,1.0,c1ccccc1,S001,C013
DPC0158,Nc1ccc(N2CCOCC2)cc1,DEMO-103-A1,Kestrel BioDiscovery,2023-07-13,2023,phenyl,ASSAY-03-03,=,6.4,primary measurement,158,Nc1ccc(N2CCOCC2)cc1,Nc1ccc(N2CCOCC2)cc1,accepted,1,158,DEMO-103-A1,Kestrel BioDiscovery,178.235,1.105,38.49,1,3,1,13,2,6.4,1.0,c1ccc(N2CCOCC2)cc1,S002,C011
DPC0159,Nc1ccc(C2CC2)cc1,DEMO-103-A1,Kestrel BioDiscovery,2023-07-13,2023,phenyl,ASSAY-03-04,=,5.98,primary measurement,159,Nc1ccc(C2CC2)cc1,Nc1ccc(C2CC2)cc1,accepted,1,159,DEMO-103-A1,Kestrel BioDiscovery,133.194,2.146,26.02,1,1,1,10,2,5.98,1.0,c1ccc(C2CC2)cc1,S003,C031
DPC0160,Nc1ccc(C2CCCCC2)cc1,DEMO-103-A1,Kestrel BioDiscovery,2023-07-13,2023,phenyl,ASSAY-03-05,=,5.96,primary measurement,160,Nc1ccc(C2CCCCC2)cc1,Nc1ccc(C2CCCCC2)cc1,accepted,1,160,DEMO-103-A1,Kestrel BioDiscovery,175.275,3.317,26.02,1,1,1,13,2,5.96,1.0,c1ccc(C2CCCCC2)cc1,S004,C012
DPC0161,Nc1ccc(O)cc1,DEMO-103-A1,Kestrel BioDiscovery,2023-07-13,2023,phenyl,ASSAY-03-06,<,5.67,primary measurement,161,Nc1ccc(O)cc1,Nc1ccc(O)cc1,accepted,1,161,DEMO-103-A1,Kestrel BioDiscovery,109.128,0.974,46.25,2,2,0,8,1,,,c1ccccc1,S001,C015
DPC0162,Nc1ccc(C(=O)O)cc1,DEMO-103-A1,Kestrel BioDiscovery,2023-07-13,2023,phenyl,ASSAY-03-07,=,5.73,primary measurement,162,Nc1ccc(C(=O)O)cc1,Nc1ccc(C(=O)O)cc1,accepted,1,162,DEMO-103-A1,Kestrel BioDiscovery,137.138,0.967,63.32,2,2,1,10,1,5.73,1.0,c1ccccc1,S001,C030
DPC0163,CNc1ccc(NC)cc1,DEMO-104-A1,Mosaic Medicines,2024-11-21,2024,phenyl,ASSAY-04-08,=,6.13,primary measurement,163,CNc1ccc(NC)cc1,CNc1ccc(NC)cc1,accepted,2,163 | 229,DEMO-103-A1 | DEMO-104-A1,Kestrel BioDiscovery | Mosaic Medicines,136.198,1.77,24.06,2,2,2,10,1,6.01,2.0,c1ccccc1,S001,C008
DPC0164,CNc1ccc(N(C)C)cc1,DEMO-104-A1,Mosaic Medicines,2024-11-21,2024,phenyl,ASSAY-04-09,=,6.33,primary measurement,164,CNc1ccc(N(C)C)cc1,CNc1ccc(N(C)C)cc1,accepted,2,164 | 230,DEMO-103-A1 | DEMO-104-A1,Kestrel BioDiscovery | Mosaic Medicines,150.225,1.794,15.27,1,2,2,11,1,6.33,1.0,c1ccccc1,S001,C007
DPC0165,CNc1ccc(C#N)cc1,DEMO-104-A1,Mosaic Medicines,2024-11-21,2024,phenyl,ASSAY-04-10,=,6.52,primary measurement,165,CNc1ccc(C#N)cc1,CNc1ccc(C#N)cc1,accepted,2,165 | 231,DEMO-103-A1 | DEMO-104-A1,Kestrel BioDiscovery | Mosaic Medicines,132.166,1.6,35.82,1,2,1,10,1,6.305,2.0,c1ccccc1,S001,C008
DPC0166,CNc1ccc(C(F)(F)F)cc1,DEMO-104-A1,Mosaic Medicines,2024-11-21,2024,phenyl,ASSAY-04-11,=,6.49,primary measurement,166,CNc1ccc(C(F)(F)F)cc1,CNc1ccc(C(F)(F)F)cc1,accepted,2,166 | 232,DEMO-103-A1 | DEMO-104-A1,Kestrel BioDiscovery | Mosaic Medicines,175.153,2.747,12.03,1,1,1,12,1,6.33,2.0,c1ccccc1,S001,C006
DPC0167,CNc1ccc(C(N)=O)cc1,DEMO-104-A1,Mosaic Medicines,2024-11-21,2024,phenyl,ASSAY-04-12,=,6.4,primary measurement,167,CNc1ccc(C(N)=O)cc1,CNc1ccc(C(N)=O)cc1,accepted,2,167 | 233,DEMO-103-A1 | DEMO-104-A1,Kestrel BioDiscovery | Mosaic Medicines,150.181,0.827,55.12,2,2,2,11,1,6.35,2.0,c1ccccc1,S001,C003
DPC0168,CNC(=O)c1ccc(NC)cc1,DEMO-104-A1,Mosaic Medicines,2024-11-21,2024,phenyl,ASSAY-04-01,=,6.37,primary measurement,168,CNC(=O)c1ccc(NC)cc1,CNC(=O)c1ccc(NC)cc1,accepted,2,168 | 234,DEMO-103-A1 | DEMO-104-A1,Kestrel BioDiscovery | Mosaic Medicines,164.208,1.088,41.13,2,2,2,12,1,6.43,2.0,c1ccccc1,S001,C010
DPC0169,CNc1ccc(S(N)(=O)=O)cc1,DEMO-104-A1,Mosaic Medicines,2024-11-21,2024,phenyl,ASSAY-04-02,=,6.18,primary measurement,169,CNc1ccc(S(N)(=O)=O)cc1,CNc1ccc(S(N)(=O)=O)cc1,accepted,1,169,DEMO-104-A1,Mosaic Medicines,186.236,0.376,72.19,2,3,2,12,1,6.18,1.0,c1ccccc1,S001,C014
DPC0170,CNc1ccc(OC(F)(F)F)cc1,DEMO-104-A1,Mosaic Medicines,2024-11-21,2024,phenyl,ASSAY-04-03,=,6.18,primary measurement,170,CNc1ccc(OC(F)(F)F)cc1,CNc1ccc(OC(F)(F)F)cc1,accepted,1,170,DEMO-104-A1,Mosaic Medicines,191.152,2.627,21.26,1,2,2,13,1,6.18,1.0,c1ccccc1,S001,C013
DPC0171,CNc1ccc(N2CCOCC2)cc1,DEMO-104-A1,Mosaic Medicines,2024-11-21,2024,phenyl,ASSAY-04-04,=,6.45,primary measurement,171,CNc1ccc(N2CCOCC2)cc1,CNc1ccc(N2CCOCC2)cc1,accepted,1,171,DEMO-104-A1,Mosaic Medicines,192.262,1.565,24.5,1,3,2,14,2,6.45,1.0,c1ccc(N2CCOCC2)cc1,S002,C011
DPC0172,CNc1ccc(C2CC2)cc1,DEMO-104-A1,Mosaic Medicines,2024-11-21,2024,phenyl,ASSAY-04-05,=,6.27,primary measurement,172,CNc1ccc(C2CC2)cc1,CNc1ccc(C2CC2)cc1,accepted,1,172,DEMO-104-A1,Mosaic Medicines,147.221,2.606,12.03,1,1,2,11,2,6.27,1.0,c1ccc(C2CC2)cc1,S003,C008
DPC0173,CNc1ccc(C2CCCCC2)cc1,DEMO-104-A1,Mosaic Medicines,2024-11-21,2024,phenyl,ASSAY-04-06,=,6.51,primary measurement,173,CNc1ccc(C2CCCCC2)cc1,CNc1ccc(C2CCCCC2)cc1,accepted,1,173,DEMO-104-A1,Mosaic Medicines,189.302,3.776,12.03,1,1,2,14,2,6.51,1.0,c1ccc(C2CCCCC2)cc1,S004,C012
DPC0174,CNc1ccc(O)cc1,DEMO-104-A1,Mosaic Medicines,2024-11-21,2024,phenyl,ASSAY-04-07,=,6.37,primary measurement,174,CNc1ccc(O)cc1,CNc1ccc(O)cc1,accepted,1,174,DEMO-104-A1,Mosaic Medicines,123.155,1.434,32.26,2,2,1,9,1,6.37,1.0,c1ccccc1,S001,C008
DPC0175,CNc1ccc(C(=O)O)cc1,DEMO-104-A1,Mosaic Medicines,2024-11-21,2024,phenyl,ASSAY-04-08,=,6.4,primary measurement,175,CNc1ccc(C(=O)O)cc1,CNc1ccc(C(=O)O)cc1,accepted,1,175,DEMO-104-A1,Mosaic Medicines,151.165,1.426,49.33,2,2,2,11,1,6.4,1.0,c1ccccc1,S001,C008
DPC0176,CN(C)c1ccc(N(C)C)cc1,DEMO-104-A1,Mosaic Medicines,2024-11-21,2024,phenyl,ASSAY-04-09,=,6.54,primary measurement,176,CN(C)c1ccc(N(C)C)cc1,CN(C)c1ccc(N(C)C)cc1,accepted,1,176,DEMO-104-A1,Mosaic Medicines,164.252,1.819,6.48,0,2,2,12,1,6.54,1.0,c1ccccc1,S001,C007
DPC0177,CN(C)c1ccc(C#N)cc1,DEMO-104-A1,Mosaic Medicines,2024-11-21,2024,phenyl,ASSAY-04-10,=,6.48,primary measurement,177,CN(C)c1ccc(C#N)cc1,CN(C)c1ccc(C#N)cc1,accepted,1,177,DEMO-104-A1,Mosaic Medicines,146.193,1.624,27.03,0,2,1,11,1,6.48,1.0,c1ccccc1,S001,C007
DPC0178,CN(C)c1ccc(C(F)(F)F)cc1,DEMO-104-A1,Mosaic Medicines,2024-11-21,2024,phenyl,ASSAY-04-11,=,6.31,primary measurement,178,CN(C)c1ccc(C(F)(F)F)cc1,CN(C)c1ccc(C(F)(F)F)cc1,accepted,1,178,DEMO-104-A1,Mosaic Medicines,189.18,2.771,3.24,0,1,1,13,1,6.31,1.0,c1ccccc1,S001,C006
DPC0179,CN(C)c1ccc(C(N)=O)cc1,DEMO-104-A1,Mosaic Medicines,2024-11-21,2024,phenyl,ASSAY-04-12,=,6.23,primary measurement,179,CN(C)c1ccc(C(N)=O)cc1,CN(C)c1ccc(C(N)=O)cc1,accepted,1,179,DEMO-104-A1,Mosaic Medicines,164.208,0.852,46.33,1,2,2,12,1,6.23,1.0,c1ccccc1,S001,C003
DPC0180,CNC(=O)c1ccc(N(C)C)cc1,DEMO-104-A1,Mosaic Medicines,2024-11-21,2024,phenyl,ASSAY-04-01,=,6.35,primary measurement,180,CNC(=O)c1ccc(N(C)C)cc1,CNC(=O)c1ccc(N(C)C)cc1,accepted,1,180,DEMO-104-A1,Mosaic Medicines,178.235,1.112,32.34,1,2,2,13,1,6.35,1.0,c1ccccc1,S001,C010
DPC0181,CN(C)c1ccc(S(N)(=O)=O)cc1,DEMO-104-A1,Mosaic Medicines,2024-11-21,2024,phenyl,ASSAY-04-02,=,6.34,primary measurement,181,CN(C)c1ccc(S(N)(=O)=O)cc1,CN(C)c1ccc(S(N)(=O)=O)cc1,accepted,1,181,DEMO-104-A1,Mosaic Medicines,200.263,0.4,63.4,1,3,2,13,1,6.34,1.0,c1ccccc1,S001,C014
DPC0182,CN(C)c1ccc(OC(F)(F)F)cc1,DEMO-104-A1,Mosaic Medicines,2024-11-21,2024,phenyl,ASSAY-04-03,=,6.45,primary measurement,182,CN(C)c1ccc(OC(F)(F)F)cc1,CN(C)c1ccc(OC(F)(F)F)cc1,accepted,1,182,DEMO-104-A1,Mosaic Medicines,205.179,2.651,12.47,0,2,2,14,1,6.45,1.0,c1ccccc1,S001,C013
DPC0183,CN(C)c1ccc(N2CCOCC2)cc1,DEMO-104-A1,Mosaic Medicines,2024-11-21,2024,phenyl,ASSAY-04-04,=,6.68,primary measurement,183,CN(C)c1ccc(N2CCOCC2)cc1,CN(C)c1ccc(N2CCOCC2)cc1,accepted,1,183,DEMO-104-A1,Mosaic Medicines,206.289,1.589,15.71,0,3,2,15,2,6.68,1.0,c1ccc(N2CCOCC2)cc1,S002,C011
DPC0184,CN(C)c1ccc(C2CC2)cc1,DEMO-104-A1,Mosaic Medicines,2024-11-21,2024,phenyl,ASSAY-04-05,<,6.33,primary measurement,184,CN(C)c1ccc(C2CC2)cc1,CN(C)c1ccc(C2CC2)cc1,accepted,1,184,DEMO-104-A1,Mosaic Medicines,161.248,2.63,3.24,0,1,2,12,2,,,c1ccc(C2CC2)cc1,S003,C007
DPC0185,CN(C)c1ccc(C2CCCCC2)cc1,DEMO-104-A1,Mosaic Medicines,2024-11-21,2024,phenyl,ASSAY-04-06,>,6.34,primary measurement,185,CN(C)c1ccc(C2CCCCC2)cc1,CN(C)c1ccc(C2CCCCC2)cc1,accepted,1,185,DEMO-104-A1,Mosaic Medicines,203.329,3.8,3.24,0,1,2,15,2,,,c1ccc(C2CCCCC2)cc1,S004,C012
DPC0186,CN(C)c1ccc(O)cc1,DEMO-104-A1,Mosaic Medicines,2024-11-21,2024,phenyl,ASSAY-04-07,=,6.03,primary measurement,186,CN(C)c1ccc(O)cc1,CN(C)c1ccc(O)cc1,accepted,1,186,DEMO-104-A1,Mosaic Medicines,137.182,1.458,23.47,1,2,1,10,1,6.03,1.0,c1ccccc1,S001,C007
DPC0187,CN(C)c1ccc(C(=O)O)cc1,DEMO-104-A1,Mosaic Medicines,2024-11-21,2024,phenyl,ASSAY-04-08,=,6.04,primary measurement,187,CN(C)c1ccc(C(=O)O)cc1,CN(C)c1ccc(C(=O)O)cc1,accepted,1,187,DEMO-104-A1,Mosaic Medicines,165.192,1.451,40.54,1,2,2,12,1,6.04,1.0,c1ccccc1,S001,C007
DPC0188,N#Cc1ccc(C#N)cc1,DEMO-104-A1,Mosaic Medicines,2024-11-21,2024,phenyl,ASSAY-04-09,=,6.41,primary measurement,188,N#Cc1ccc(C#N)cc1,N#Cc1ccc(C#N)cc1,accepted,1,188,DEMO-104-A1,Mosaic Medicines,128.134,1.43,47.58,0,2,0,10,1,6.41,1.0,c1ccccc1,S001,C009
DPC0189,N#Cc1ccc(C(F)(F)F)cc1,DEMO-104-A1,Mosaic Medicines,2024-11-21,2024,phenyl,ASSAY-04-10,=,6.47,primary measurement,189,N#Cc1ccc(C(F)(F)F)cc1,N#Cc1ccc(C(F)(F)F)cc1,accepted,1,189,DEMO-104-A1,Mosaic Medicines,171.121,2.577,23.79,0,1,0,12,1,6.47,1.0,c1ccccc1,S001,C006
DPC0190,N#Cc1ccc(C(N)=O)cc1,DEMO-104-A1,Mosaic Medicines,2024-11-21,2024,phenyl,ASSAY-04-11,=,6.57,primary measurement,190,N#Cc1ccc(C(N)=O)cc1,N#Cc1ccc(C(N)=O)cc1,accepted,1,190,DEMO-104-A1,Mosaic Medicines,146.149,0.657,66.88,1,2,1,11,1,6.57,1.0,c1ccccc1,S001,C003
DPC0191,CNC(=O)c1ccc(C#N)cc1,DEMO-104-A1,Mosaic Medicines,2024-11-21,2024,phenyl,ASSAY-04-12,=,6.74,primary measurement,191,CNC(=O)c1ccc(C#N)cc1,CNC(=O)c1ccc(C#N)cc1,accepted,1,191,DEMO-104-A1,Mosaic Medicines,160.176,0.918,52.89,1,2,1,12,1,6.74,1.0,c1ccccc1,S001,C010
DPC0192,N#Cc1ccc(S(N)(=O)=O)cc1,DEMO-104-A1,Mosaic Medicines,2024-11-21,2024,phenyl,ASSAY-04-01,=,6.65,primary measurement,192,N#Cc1ccc(S(N)(=O)=O)cc1,N#Cc1ccc(S(N)(=O)=O)cc1,accepted,1,192,DEMO-104-A1,Mosaic Medicines,182.204,0.206,83.95,1,3,1,12,1,6.65,1.0,c1ccccc1,S001,C040
DPC0193,N#Cc1ccc(OC(F)(F)F)cc1,DEMO-104-A1,Mosaic Medicines,2024-11-21,2024,phenyl,ASSAY-04-02,=,6.61,primary measurement,193,N#Cc1ccc(OC(F)(F)F)cc1,N#Cc1ccc(OC(F)(F)F)cc1,accepted,1,193,DEMO-104-A1,Mosaic Medicines,187.12,2.457,33.02,0,2,1,13,1,6.61,1.0,c1ccccc1,S001,C039
DPC0194,N#Cc1ccc(N2CCOCC2)cc1,DEMO-104-A1,Mosaic Medicines,2024-11-21,2024,phenyl,ASSAY-04-03,=,6.7,primary measurement,194,N#Cc1ccc(N2CCOCC2)cc1,N#Cc1ccc(N2CCOCC2)cc1,accepted,1,194,DEMO-104-A1,Mosaic Medicines,188.23,1.395,36.26,0,3,1,14,2,6.7,1.0,c1ccc(N2CCOCC2)cc1,S002,C011
DPC0195,N#Cc1ccc(C2CC2)cc1,DEMO-104-A1,Mosaic Medicines,2024-11-21,2024,phenyl,ASSAY-04-04,=,6.31,primary measurement,195,N#Cc1ccc(C2CC2)cc1,N#Cc1ccc(C2CC2)cc1,accepted,1,195,DEMO-104-A1,Mosaic Medicines,143.189,2.436,23.79,0,1,1,11,2,6.31,1.0,c1ccc(C2CC2)cc1,S003,C009
DPC0196,N#Cc1ccc(C2CCCCC2)cc1,DEMO-104-A1,Mosaic Medicines,2024-11-21,2024,phenyl,ASSAY-04-05,=,6.4,primary measurement,196,N#Cc1ccc(C2CCCCC2)cc1,N#Cc1ccc(C2CCCCC2)cc1,accepted,1,196,DEMO-104-A1,Mosaic Medicines,185.27,3.606,23.79,0,1,1,14,2,6.4,1.0,c1ccc(C2CCCCC2)cc1,S004,C029
DPC0197,N#Cc1ccc(O)cc1,DEMO-104-A1,Mosaic Medicines,2024-11-21,2024,phenyl,ASSAY-04-06,=,6.25,primary measurement,197,N#Cc1ccc(O)cc1,N#Cc1ccc(O)cc1,accepted,1,197,DEMO-104-A1,Mosaic Medicines,119.123,1.264,44.02,1,2,0,9,1,6.25,1.0,c1ccccc1,S001,C009
DPC0198,N#Cc1ccc(C(=O)O)cc1,DEMO-104-A1,Mosaic Medicines,2024-11-21,2024,phenyl,ASSAY-04-07,=,6.4,primary measurement,198,N#Cc1ccc(C(=O)O)cc1,N#Cc1ccc(C(=O)O)cc1,accepted,1,198,DEMO-104-A1,Mosaic Medicines,147.133,1.256,61.09,1,2,1,11,1,6.4,1.0,c1ccccc1,S001,C009
DPC0199,FC(F)(F)c1ccc(C(F)(F)F)cc1,DEMO-104-A1,Mosaic Medicines,2024-11-21,2024,phenyl,ASSAY-04-08,=,6.62,primary measurement,199,FC(F)(F)c1ccc(C(F)(F)F)cc1,FC(F)(F)c1ccc(C(F)(F)F)cc1,accepted,1,199,DEMO-104-A1,Mosaic Medicines,214.108,3.724,0.0,0,0,0,14,1,6.62,1.0,c1ccccc1,S001,C006
DPC0200,NC(=O)c1ccc(C(F)(F)F)cc1,DEMO-104-A1,Mosaic Medicines,2024-11-21,2024,phenyl,ASSAY-04-09,=,6.6,primary measurement,200,NC(=O)c1ccc(C(F)(F)F)cc1,NC(=O)c1ccc(C(F)(F)F)cc1,accepted,1,200,DEMO-104-A1,Mosaic Medicines,189.136,1.804,43.09,1,1,1,13,1,6.6,1.0,c1ccccc1,S001,C003
DPC0201,CNC(=O)c1ccc(C(F)(F)F)cc1,DEMO-104-A1,Mosaic Medicines,2024-11-21,2024,phenyl,ASSAY-04-10,=,6.61,primary measurement,201,CNC(=O)c1ccc(C(F)(F)F)cc1,CNC(=O)c1ccc(C(F)(F)F)cc1,accepted,1,201,DEMO-104-A1,Mosaic Medicines,203.163,2.065,29.1,1,1,1,14,1,6.61,1.0,c1ccccc1,S001,C010
DPC0202,NS(=O)(=O)c1ccc(C(F)(F)F)cc1,DEMO-104-A1,Mosaic Medicines,2024-11-21,2024,phenyl,ASSAY-04-11,=,6.38,primary measurement,202,NS(=O)(=O)c1ccc(C(F)(F)F)cc1,NS(=O)(=O)c1ccc(C(F)(F)F)cc1,accepted,1,202,DEMO-104-A1,Mosaic Medicines,225.191,1.353,60.16,1,2,1,14,1,6.38,1.0,c1ccccc1,S001,C028
DPC0203,FC(F)(F)Oc1ccc(C(F)(F)F)cc1,DEMO-104-A1,Mosaic Medicines,2024-11-21,2024,phenyl,ASSAY-04-12,=,6.26,primary measurement,203,FC(F)(F)Oc1ccc(C(F)(F)F)cc1,FC(F)(F)Oc1ccc(C(F)(F)F)cc1,accepted,1,203,DEMO-104-A1,Mosaic Medicines,230.107,3.604,9.23,0,1,1,15,1,6.26,1.0,c1ccccc1,S001,C006
DPC0204,FC(F)(F)c1ccc(N2CCOCC2)cc1,DEMO-104-A1,Mosaic Medicines,2024-11-21,2024,phenyl,ASSAY-04-01,=,6.38,primary measurement,204,FC(F)(F)c1ccc(N2CCOCC2)cc1,FC(F)(F)c1ccc(N2CCOCC2)cc1,accepted,1,204,DEMO-104-A1,Mosaic Medicines,231.217,2.542,12.47,0,2,1,16,2,6.38,1.0,c1ccc(N2CCOCC2)cc1,S002,C011
DPC0205,FC(F)(F)c1ccc(C2CC2)cc1,DEMO-104-A1,Mosaic Medicines,2024-11-21,2024,phenyl,ASSAY-04-02,=,6.08,primary measurement,205,FC(F)(F)c1ccc(C2CC2)cc1,FC(F)(F)c1ccc(C2CC2)cc1,accepted,1,205,DEMO-104-A1,Mosaic Medicines,186.176,3.583,0.0,0,0,1,13,2,6.08,1.0,c1ccc(C2CC2)cc1,S003,C006
DPC0206,FC(F)(F)c1ccc(C2CCCCC2)cc1,DEMO-104-A1,Mosaic Medicines,2024-11-21,2024,phenyl,ASSAY-04-03,=,6.28,primary measurement,206,FC(F)(F)c1ccc(C2CCCCC2)cc1,FC(F)(F)c1ccc(C2CCCCC2)cc1,accepted,1,206,DEMO-104-A1,Mosaic Medicines,228.257,4.753,0.0,0,0,1,16,2,6.28,1.0,c1ccc(C2CCCCC2)cc1,S004,C027
DPC0207,Oc1ccc(C(F)(F)F)cc1,DEMO-104-A1,Mosaic Medicines,2024-11-21,2024,phenyl,ASSAY-04-04,<,6.21,primary measurement,207,Oc1ccc(C(F)(F)F)cc1,Oc1ccc(C(F)(F)F)cc1,accepted,1,207,DEMO-104-A1,Mosaic Medicines,162.11,2.411,20.23,1,1,0,11,1,,,c1ccccc1,S001,C006
DPC0208,O=C(O)c1ccc(C(F)(F)F)cc1,DEMO-104-A1,Mosaic Medicines,2024-11-21,2024,phenyl,ASSAY-04-05,=,6.36,primary measurement,208,O=C(O)c1ccc(C(F)(F)F)cc1,O=C(O)c1ccc(C(F)(F)F)cc1,accepted,1,208,DEMO-104-A1,Mosaic Medicines,190.12,2.404,37.3,1,1,1,13,1,6.36,1.0,c1ccccc1,S001,C006
DPC0209,NC(=O)c1ccc(C(N)=O)cc1,DEMO-104-A1,Mosaic Medicines,2024-11-21,2024,phenyl,ASSAY-04-06,=,6.49,primary measurement,209,NC(=O)c1ccc(C(N)=O)cc1,NC(=O)c1ccc(C(N)=O)cc1,accepted,1,209,DEMO-104-A1,Mosaic Medicines,164.164,-0.116,86.18,2,2,2,12,1,6.49,1.0,c1ccccc1,S001,C003
DPC0210,CNC(=O)c1ccc(C(N)=O)cc1,DEMO-104-A1,Mosaic Medicines,2024-11-21,2024,phenyl,ASSAY-04-07,=,6.51,primary measurement,210,CNC(=O)c1ccc(C(N)=O)cc1,CNC(=O)c1ccc(C(N)=O)cc1,accepted,1,210,DEMO-104-A1,Mosaic Medicines,178.191,0.145,72.19,2,2,2,13,1,6.51,1.0,c1ccccc1,S001,C003
DPC0211,NC(=O)c1ccc(S(N)(=O)=O)cc1,DEMO-104-A1,Mosaic Medicines,2024-11-21,2024,phenyl,ASSAY-04-08,=,6.31,primary measurement,211,NC(=O)c1ccc(S(N)(=O)=O)cc1,NC(=O)c1ccc(S(N)(=O)=O)cc1,accepted,1,211,DEMO-104-A1,Mosaic Medicines,200.219,-0.567,103.25,2,3,2,13,1,6.31,1.0,c1ccccc1,S001,C003
DPC0212,NC(=O)c1ccc(OC(F)(F)F)cc1,DEMO-104-A1,Mosaic Medicines,2024-11-21,2024,phenyl,ASSAY-04-09,=,6.24,primary measurement,212,NC(=O)c1ccc(OC(F)(F)F)cc1,NC(=O)c1ccc(OC(F)(F)F)cc1,accepted,1,212,DEMO-104-A1,Mosaic Medicines,205.135,1.684,52.32,1,2,2,14,1,6.24,1.0,c1ccccc1,S001,C026
DPC0213,NC(=O)c1ccc(N2CCOCC2)cc1,DEMO-104-A1,Mosaic Medicines,2024-11-21,2024,phenyl,ASSAY-04-10,=,6.43,primary measurement,213,NC(=O)c1ccc(N2CCOCC2)cc1,NC(=O)c1ccc(N2CCOCC2)cc1,accepted,1,213,DEMO-104-A1,Mosaic Medicines,206.245,0.622,55.56,1,3,2,15,2,6.43,1.0,c1ccc(N2CCOCC2)cc1,S002,C011
DPC0214,NC(=O)c1ccc(C2CC2)cc1,DEMO-104-A1,Mosaic Medicines,2024-11-21,2024,phenyl,ASSAY-04-11,=,6.19,primary measurement,214,NC(=O)c1ccc(C2CC2)cc1,NC(=O)c1ccc(C2CC2)cc1,accepted,1,214,DEMO-104-A1,Mosaic Medicines,161.204,1.663,43.09,1,1,2,12,2,6.19,1.0,c1ccc(C2CC2)cc1,S003,C003
DPC0215,NC(=O)c1ccc(C2CCCCC2)cc1,DEMO-104-A1,Mosaic Medicines,2024-11-21,2024,phenyl,ASSAY-04-12,=,6.43,primary measurement,215,NC(=O)c1ccc(C2CCCCC2)cc1,NC(=O)c1ccc(C2CCCCC2)cc1,accepted,1,215,DEMO-104-A1,Mosaic Medicines,203.285,2.833,43.09,1,1,2,15,2,6.43,1.0,c1ccc(C2CCCCC2)cc1,S004,C025
DPC0216,NC(=O)c1ccc(O)cc1,DEMO-104-A1,Mosaic Medicines,2024-11-21,2024,phenyl,ASSAY-04-01,=,6.35,primary measurement,216,NC(=O)c1ccc(O)cc1,NC(=O)c1ccc(O)cc1,accepted,1,216,DEMO-104-A1,Mosaic Medicines,137.138,0.491,63.32,2,2,1,10,1,6.35,1.0,c1ccccc1,S001,C003
